/* images.h */

#include <gui.h>

int8 penguin[] = 
	"\x42\x4d\xb8\xad\x00\x00\x00\x00\x00\x00\x76\x00\x00\x00\x28\x00"
	"\x00\x00\x60\x01\x00\x00\xfc\x00\x00\x00\x01\x00\x04\x00\x00\x00"
	"\x00\x00\x42\xad\x00\x00\x12\x0b\x00\x00\x12\x0b\x00\x00\x00\x00"
	"\x00\x00\x00\x00\x00\x00\x00\x00\x00\x00\xff\xff\xff\x00\xcc\xcc"
	"\xcc\x00\xf5\xf5\xf5\x00\xf4\xf4\xf4\x00\x60\x60\x60\x00\x27\x27"
	"\x27\x00\xea\xea\xea\x00\xb9\xb9\xb9\x00\xa9\xa9\xa9\x00\x74\x74"
	"\x74\x00\x56\x56\x56\x00\x4d\x4d\x4d\x00\x3a\x3a\x3a\x00\x21\x21"
	"\x21\x00\x15\x15\x15\x00\xaa\xaa\xaa\x9a\xaa\xaa\xaa\x9a\xaa\xdf"
	"\x66\x55\xbc\xcc\xcd\xcc\xcc\xcc\xcc\xcc\xcd\xcd\xdc\xdc\xdd\xdd"
	"\xdd\xdd\xdd\xdd\xdd\xde\x66\x66\x66\x66\x66\x66\x66\x66\x66\x6f"
	"\xc2\x89\x88\x88\x88\x89\xaa\xa9\xab\x55\xa5\x55\x5c\xad\x92\x22"
	"\x22\x22\x22\x22\x22\x22\x22\x22\x22\x22\x22\x22\x22\x22\x22\x22"
	"\x22\x22\x22\x22\x22\x22\x22\x22\x22\x22\x22\x22\x22\x22\x22\x22"
	"\x22\x22\x22\x22\x22\x22\x22\x22\x22\x22\x22\x22\x22\x22\x22\x22"
	"\x22\x22\x22\x22\x22\x28\x22\x22\x22\x22\x22\x22\x82\x82\x82\x88"
	"\x22\x22\x22\x22\x22\x22\x22\x22\x22\x22\x22\x22\x22\x22\x22\x22"
	"\x82\x22\x22\x22\x22\x22\x22\x22\x22\x22\x22\x22\x22\x22\x22\x22"
	"\x22\x22\x22\x22\x22\x22\x22\x22\x22\x22\x22\x22\x22\x22\x22\x22"
	"\x22\x22\x22\x22\x22\x22\xaa\xaa\x9a\xaa\xaa\xaa\xaa\xaa\xa9\x50"
	"\xdf\xc5\x5b\xcc\xcc\xcc\xdc\xcd\xcd\xdc\xdc\xdc\xdd\xdd\xdd\xdd"
	"\xdd\xdd\xdd\xdd\xdd\xd6\x66\x66\x66\x66\x66\x66\x66\x66\x66\x6e"
	"\xf2\x88\x88\x88\x88\x82\xa9\xaa\x9a\x55\x55\x5a\x55\x5c\xd2\x22"
	"\x22\x22\x22\x22\x22\x22\x22\x22\x22\x22\x22\x22\x22\x22\x22\x22"
	"\x22\x22\x22\x22\x22\x22\x22\x22\x22\x22\x22\x22\x22\x22\x22\x22"
	"\x22\x22\x22\x22\x22\x22\x22\x22\x22\x22\x22\x22\x22\x22\x22\x22"
	"\x22\x22\x22\x28\x22\x22\x22\x22\x22\x22\x82\x82\x22\x22\x82\x22"
	"\x22\x22\x22\x22\x22\x22\x22\x22\x22\x22\x22\x22\x22\x22\x22\x22"
	"\x22\x22\x22\x22\x22\x22\x22\x22\x22\x22\x22\x22\x22\x22\x22\x22"
	"\x22\x22\x22\x22\x22\x22\x22\x22\x22\x22\x22\x22\x22\x22\x22\x22"
	"\x22\x22\x22\x22\x22\x22\xaa\xa9\xaa\xaa\xaa\xa9\xaa\xaa\xaa\xaf"
	"\xee\xe5\xb5\xcd\xcc\xdc\xcc\xcc\xdc\xcd\xcd\xcd\xcd\xcd\xcd\xdc"
	"\xdd\xdd\xdd\xdd\xdd\x66\x66\x66\x66\x66\x66\x66\x66\xe6\x6e\x66"
	"\x09\x88\x88\x88\x88\x88\x8a\xa9\xa9\xac\xa5\x55\x55\xbc\xc5\x22"
	"\x22\x28\x22\x22\x22\x22\x22\x22\x22\x22\x22\x22\x22\x22\x22\x22"
	"\x22\x22\x22\x22\x22\x22\x22\x22\x22\x22\x22\x22\x22\x22\x22\x22"
	"\x22\x22\x22\x22\x22\x22\x22\x22\x22\x22\x22\x22\x22\x22\x22\x22"
	"\x22\x22\x22\x22\x28\x28\x88\x88\x88\x88\x88\x89\x99\x99\x88\x88"
	"\x22\x22\x22\x22\x22\x22\x22\x22\x22\x22\x22\x22\x22\x22\x22\x22"
	"\x22\x22\x22\x22\x22\x22\x22\x22\x22\x22\x22\x22\x22\x22\x22\x22"
	"\x22\x22\x22\x22\x22\x22\x22\x22\x22\x22\x22\x22\x22\x22\x22\x22"
	"\x22\x22\x22\x22\x22\x22\xaa\xaa\xaa\xaa\xa9\xaa\xaa\xa9\xaa\x9d"
	"\xf6\xfd\x55\x5c\xcc\xcd\xcc\xdd\xcc\xdc\xdc\xdc\xdc\xdd\xdd\xdd"
	"\xdd\xdd\xdd\xdd\xdd\x66\x66\x66\x66\x66\x66\x66\x6e\x66\xe6\x66"
	"\xe5\x28\x98\x88\x98\x88\x29\xaa\xaa\x9a\x55\x55\xa5\x55\xbd\xa2"
	"\x22\x22\x22\x22\x22\x22\x22\x22\x22\x22\x22\x22\x22\x22\x22\x22"
	"\x22\x22\x22\x22\x22\x22\x22\x22\x22\x22\x22\x22\x22\x22\x22\x22"
	"\x22\x22\x22\x22\x22\x22\x22\x22\x22\x22\x22\x22\x22\x22\x22\x22"
	"\x22\x22\x22\x28\x88\x89\x99\x99\x99\x99\x89\x98\x89\x99\x99\x88"
	"\x88\x22\x28\x22\x22\x22\x22\x22\x22\x22\x22\x22\x22\x22\x22\x22"
	"\x22\x22\x22\x22\x22\x22\x22\x22\x22\x22\x22\x22\x22\x22\x22\x22"
	"\x22\x22\x22\x22\x22\x22\x22\x22\x22\x22\x22\x22\x22\x22\x22\x22"
	"\x22\x22\x22\x22\x22\x22\xa9\xaa\x9a\xaa\xaa\xaa\xa9\xaa\xaa\xaa"
	"\x6e\x6e\xb5\x5c\xcd\xcc\xcc\xcc\xcd\xcd\xcd\xcd\xcd\xcd\xdd\xdd"
	"\xdd\xcd\xdd\xdd\xdd\x6e\x66\x66\x66\x66\x66\x66\x66\xe6\x6e\x66"
	"\x6e\x88\x88\x88\x88\x88\x82\x9a\x9a\x99\xb5\x55\x55\x55\x5d\xd8"
	"\x22\x22\x22\x22\x22\x22\x22\x22\x22\x22\x22\x22\x22\x22\x22\x22"
	"\x22\x22\x22\x22\x22\x22\x22\x22\x22\x22\x22\x22\x22\x22\x22\x22"
	"\x22\x22\x22\x22\x22\x22\x22\x22\x22\x22\x22\x22\x22\x22\x22\x22"
	"\x22\x22\x88\x89\x99\x99\x99\x99\x99\x99\x99\x99\x99\x99\x99\x98"
	"\x88\x88\x22\x22\x22\x22\x82\x22\x22\x22\x22\x22\x22\x22\x22\x22"
	"\x22\x22\x22\x22\x22\x22\x22\x22\x22\x22\x22\x22\x22\x22\x22\x22"
	"\x22\x22\x22\x22\x22\x22\x22\x22\x22\x22\x22\x22\x22\x22\x22\x22"
	"\x22\x22\x22\x22\x22\x22\xaa\xaa\xaa\xaa\xaa\xa9\xaa\xaa\xa9\xaa"
	"\x6e\x6e\x6a\x5c\xcc\xcc\xdc\xcd\xcd\xcd\xcd\xcd\xdc\xdd\xcd\xdd"
	"\xdd\xdd\xdd\xdd\xdd\xee\x66\x66\x66\x66\x66\x66\x66\x6e\x66\x6e"
	"\x6f\x98\x88\x89\x89\x88\x88\x29\xa9\xaa\x9a\xb5\x55\x55\x55\xdc"
	"\x22\x28\x22\x22\x22\x22\x22\x22\x22\x22\x22\x22\x22\x22\x22\x22"
	"\x22\x22\x22\x22\x22\x22\x22\x22\x22\x22\x22\x22\x22\x22\x22\x22"
	"\x22\x22\x22\x22\x22\x22\x22\x22\x22\x22\x22\x22\x22\x22\x22\x22"
	"\x22\x22\x88\x99\x99\x99\x99\x99\x99\x99\x99\x99\x99\x89\x99\x99"
	"\x99\x88\x28\x22\x82\x22\x28\x82\x22\x22\x22\x22\x22\x22\x22\x22"
	"\x22\x22\x22\x22\x22\x22\x22\x22\x22\x22\x22\x22\x22\x22\x22\x22"
	"\x22\x22\x22\x22\x22\x22\x22\x22\x22\x22\x22\x22\x22\x22\x22\x22"
	"\x22\x22\x22\x22\x22\x22\xaa\xaa\xaa\xaa\xaa\xaa\xaa\xa9\xaa\xaa"
	"\xbf\xee\xfd\x55\xcd\xcd\xcd\xcc\xcc\xcc\xdc\xcd\xcd\xdc\xdd\xdc"
	"\xdd\xdd\xdd\xdd\xd6\x66\x66\x66\x66\x66\x66\x66\x66\x66\x6e\x66"
	"\x6f\xc2\x98\x88\x88\x88\x88\x82\xaa\xaa\x9a\x5b\x5b\x55\xb5\xbd"
	"\x52\x22\x28\x82\x22\x22\x22\x22\x22\x22\x22\x22\x22\x22\x22\x22"
	"\x22\x22\x22\x22\x22\x22\x22\x22\x22\x22\x22\x22\x22\x22\x22\x22"
	"\x22\x22\x22\x22\x22\x22\x22\x22\x22\x22\x22\x22\x22\x22\x22\x28"
	"\x88\x99\x99\x99\x89\x89\x99\x98\x99\x99\x99\x99\x88\x89\x99\x99"
	"\x99\x99\x82\x22\x22\x22\x22\x22\x22\x22\x22\x22\x22\x22\x22\x22"
	"\x22\x22\x22\x22\x22\x22\x22\x22\x22\x22\x22\x22\x22\x22\x22\x22"
	"\x22\x22\x22\x22\x22\x22\x22\x22\x22\x22\x22\x22\x22\x22\x22\x22"
	"\x22\x22\x22\x22\x22\x22\xaa\xa9\xaa\xa9\xaa\xa9\xaa\xaa\xaa\xaa"
	"\xaf\x6e\xe6\xc5\xbd\xcd\xcc\xcc\xcd\xcd\xcc\xdc\xcd\xcd\xdd\xcd"
	"\xcd\xdd\xdd\xcd\xd6\x66\x66\x66\x66\x66\x66\x66\x66\x66\xe6\x66"
	"\xe6\xe8\x88\x88\x88\x88\x88\x88\x2a\xa9\xaa\x9b\xc5\x55\xa5\x5c"
	"\xd9\x88\x22\x22\x22\x22\x22\x22\x22\x22\x22\x22\x22\x22\x22\x22"
	"\x22\x22\x22\x22\x22\x22\x22\x22\x22\x22\x22\x22\x22\x22\x22\x22"
	"\x22\x22\x22\x22\x22\x22\x22\x22\x22\x22\x22\x22\x22\x22\x28\x88"
	"\x89\x99\x99\x99\x99\x99\x99\x99\x89\x99\x99\x88\x88\x89\x99\x99"
	"\x98\x99\x88\x22\x22\x22\x22\x22\x22\x22\x22\x22\x22\x22\x22\x22"
	"\x22\x22\x22\x22\x22\x22\x22\x22\x22\x22\x22\x22\x22\x22\x22\x22"
	"\x22\x22\x22\x22\x22\x22\x22\x22\x22\x22\x22\x22\x22\x22\x22\x22"
	"\x22\x22\x22\x22\x22\x22\xaa\xaa\xaa\xaa\xaa\xaa\xaa\xaa\xaa\x9a"
	"\xa6\x6e\xde\x65\x5c\xcc\xdc\xdd\xcc\xcc\xcd\xcd\xdc\xdd\xcd\xdd"
	"\xdd\xdd\xdd\xdd\x66\xe6\xe6\x66\x66\x66\x66\x66\x66\x66\x66\x66"
	"\x66\x09\x88\x88\x88\x88\x88\x88\x88\xaa\xa9\xa9\xaa\x5b\x55\x5a"
	"\xcd\x92\x22\x22\x22\x22\x22\x22\x22\x22\x22\x22\x22\x22\x22\x22"
	"\x22\x22\x22\x22\x22\x22\x22\x22\x22\x22\x22\x22\x22\x22\x22\x22"
	"\x22\x22\x22\x22\x22\x22\x22\x22\x22\x22\x82\x22\x22\x28\x88\x98"
	"\x99\x99\x99\x99\x99\x99\x98\x99\x99\x99\x98\x89\xdd\x69\x89\x99"
	"\x99\x99\x99\x88\x22\x22\x22\x22\x22\x22\x22\x22\x22\x22\x22\x22"
	"\x22\x22\x22\x22\x22\x22\x22\x22\x22\x22\x22\x22\x22\x22\x22\x22"
	"\x22\x22\x22\x22\x22\x22\x22\x22\x22\x22\x22\x22\x22\x22\x22\x22"
	"\x22\x22\x22\x22\x22\x22\xaa\xaa\xaa\xaa\xaa\xaa\xaa\xaa\xaa\xaa"
	"\xac\xe6\x6e\xec\xab\xdc\xcd\xcc\xcd\xcd\xcd\xcc\xcd\xcd\xdc\xdd"
	"\xcc\xcd\xdd\xdd\x66\xe6\x66\x66\x66\x66\x66\x66\x66\x66\x66\x66"
	"\x6e\xf5\x88\x88\x88\x88\x88\x88\x88\x85\x9a\x9a\xa5\xca\x5b\x5b"
	"\x5c\x68\x28\x22\x22\x22\x22\x22\x22\x22\x22\x22\x22\x22\x22\x22"
	"\x22\x22\x22\x22\x22\x22\x22\x22\x22\x22\x22\x22\x22\x22\x22\x22"
	"\x22\x22\x22\x22\x22\x22\x22\x28\x22\x22\x22\x22\x22\x88\x99\x99"
	"\x99\x99\x99\x99\x99\x99\x99\x99\x99\x88\x98\x56\xdc\xd5\xa9\x99"
	"\x99\x89\x99\x98\x22\x22\x22\x22\x22\x22\x22\x22\x22\x22\x22\x22"
	"\x22\x22\x22\x22\x22\x22\x22\x22\x22\x22\x22\x22\x22\x22\x22\x22"
	"\x22\x22\x22\x22\x22\x22\x22\x22\x22\x22\x22\x22\x22\x22\x22\x22"
	"\x22\x22\x22\x22\x22\x22\xaa\xaa\xaa\xaa\xaa\xaa\xaa\xaa\xaa\xaa"
	"\xa5\xf6\xe6\xe6\x5a\xcc\xbc\xcc\xdc\xcc\xcc\xdd\xdc\xdd\xcd\xdc"
	"\xdd\xdd\xdd\xcd\xe6\x66\x66\x66\x66\x66\x66\x66\x66\x66\x66\x66"
	"\x6e\x66\x88\x88\x88\x88\x88\x89\x88\x88\xaa\xaa\x99\xab\x55\xbb"
	"\xa5\xbc\x92\x22\x22\x22\x22\x22\x22\x22\x22\x22\x22\x22\x22\x22"
	"\x22\x22\x22\x22\x22\x22\x22\x22\x22\x22\x22\x22\x22\x22\x22\x22"
	"\x22\x22\x22\x22\x22\x22\x22\x22\x28\x22\x22\x28\x89\x99\x99\x99"
	"\x99\x99\x99\x99\x99\x99\x99\x99\x98\x88\x9e\xdc\xdd\x55\xb9\x99"
	"\x99\x99\x99\x99\x82\x22\x22\x22\x22\x22\x22\x22\x22\x22\x22\x22"
	"\x22\x22\x22\x22\x22\x22\x22\x22\x22\x22\x22\x22\x22\x22\x22\x22"
	"\x22\x22\x22\x22\x22\x22\x22\x22\x22\x22\x22\x22\x22\x22\x22\x22"
	"\x22\x22\x22\x22\x22\x22\xaa\xaa\xaa\xaa\xaa\xaa\xaa\xaa\xaa\xaa"
	"\x95\x6e\xe6\x6e\x65\xad\xcc\xcd\xcc\xdc\xdd\xcc\xcc\xdc\xdd\xdd"
	"\xdd\xdd\xdd\xd6\x66\x66\x66\x66\x66\x66\x66\x66\x66\x66\x66\x66"
	"\xf6\x6f\x98\x88\x88\x88\x88\x88\x28\x92\x9a\x99\xa9\xab\xca\x5a"
	"\xbb\x5d\xc2\x22\x22\x22\x22\x22\x22\x22\x22\x22\x22\x22\x22\x22"
	"\x22\x22\x22\x22\x22\x22\x22\x22\x22\x22\x22\x22\x22\x22\x22\x22"
	"\x22\x22\x22\x22\x22\x22\x22\x22\x22\x22\x22\x88\x89\x99\x99\x99"
	"\x99\x99\x99\x99\x99\x99\x99\x99\x98\x25\xcd\xc6\xb9\x5a\x5b\x99"
	"\x99\x99\x99\x99\x82\x22\x22\x22\x22\x22\x22\x22\x22\x22\x22\x22"
	"\x22\x22\x22\x22\x22\x22\x22\x22\x22\x22\x22\x22\x22\x22\x22\x22"
	"\x22\x22\x22\x22\x22\x22\x22\x22\x22\x22\x22\x22\x22\x22\x22\x22"
	"\x22\x22\x22\x22\x22\x22\xaa\xaa\xaa\xaa\xaa\xaa\xaa\xaa\xaa\xaa"
	"\xaa\xce\x66\x66\xed\x5b\xcc\xdc\xdc\xcd\xcc\xdd\xdd\xdd\xcd\xcd"
	"\xdd\xdd\xdd\xde\x66\x66\x66\x66\x66\x66\x66\x66\x66\x66\x66\x66"
	"\xe6\x6f\x52\x88\x88\x88\x88\x88\x88\x89\x29\xaa\xaa\x99\x5b\xbb"
	"\x55\x55\xc5\x22\x22\x22\x22\x22\x22\x22\x22\x22\x22\x22\x22\x22"
	"\x22\x22\x22\x22\x22\x22\x22\x22\x22\x22\x22\x22\x22\x22\x22\x22"
	"\x22\x22\x22\x22\x22\x22\x22\x22\x28\x22\x28\x89\x99\x99\x99\x99"
	"\x99\x89\x99\x99\x99\x99\x99\x99\x89\xcc\xdc\x6a\x89\x5a\xa5\xa9"
	"\x99\x99\x99\x99\x98\x22\x22\x22\x22\x22\x22\x22\x22\x22\x22\x22"
	"\x22\x22\x22\x22\x22\x22\x22\x22\x22\x22\x22\x22\x22\x22\x22\x22"
	"\x22\x22\x22\x22\x22\x22\x22\x22\x22\x22\x22\x22\x22\x22\x22\x22"
	"\x22\x22\x22\x22\x22\x22\xaa\xaa\xaa\xaa\xaa\xaa\xaa\xaa\xaa\xa9"
	"\xaa\xbe\xe6\x66\x6f\xc5\xbd\xcc\xcd\xcc\xdc\xcc\xcc\xcd\xdd\xdc"
	"\xdd\xdc\xdd\x6e\x6e\x6e\x66\x66\x66\x66\x66\x66\x66\x66\x66\x6e"
	"\x6e\x66\x62\x88\x88\x88\x88\x88\x98\x88\x98\x9a\x99\xaa\x95\x55"
	"\x55\x55\x5d\xc2\x22\x22\x22\x22\x22\x22\x22\x22\x22\x22\x22\x22"
	"\x22\x22\x22\x22\x22\x22\x22\x22\x22\x22\x22\x22\x22\x22\x22\x22"
	"\x22\x22\x22\x22\x22\x22\x22\x22\x22\x22\x89\x99\x99\x99\x99\x99"
	"\x99\x99\x99\x99\x99\x99\x99\x98\x9d\xdc\xcd\xa8\x88\xa5\x55\xc9"
	"\x99\x99\x99\x99\x98\x22\x22\x22\x22\x22\x22\x22\x22\x22\x22\x22"
	"\x22\x22\x22\x22\x22\x22\x22\x22\x22\x22\x22\x22\x22\x22\x22\x22"
	"\x22\x22\x22\x22\x22\x22\x22\x22\x22\x22\x22\x22\x22\x22\x22\x22"
	"\x22\x22\x22\x22\x22\x22\xaa\xaa\xaa\xaa\xaa\xaa\xaa\xaa\xaa\xaa"
	"\xaa\x5d\xe6\x6e\x66\xe5\x5c\xdc\xdc\xdc\xcd\xdd\xdd\xdc\xcd\xdd"
	"\xcd\xdd\xd6\xe6\xe6\x6e\x66\x66\x66\x66\x66\x66\x66\x66\x66\x6e"
	"\xde\xe6\x09\x88\x88\x88\x88\x88\x88\x88\x88\x89\xaa\x9a\x9a\x5c"
	"\x55\xb5\x55\xc5\x22\x22\x82\x22\x22\x22\x22\x22\x22\x22\x22\x22"
	"\x22\x22\x22\x22\x22\x22\x22\x22\x22\x22\x22\x22\x22\x22\x22\x22"
	"\x22\x22\x22\x22\x22\x22\x22\x28\x22\x88\x99\x99\x99\x99\x99\x99"
	"\x99\x99\x99\x99\x99\x99\x89\x8a\xdc\xdd\xda\x89\x99\x9b\x5a\xa5"
	"\x98\x99\x99\x99\x89\x88\x22\x22\x22\x22\x22\x22\x22\x22\x22\x22"
	"\x22\x22\x22\x22\x22\x22\x22\x22\x22\x22\x22\x22\x22\x22\x22\x22"
	"\x22\x22\x22\x22\x22\x22\x22\x22\x22\x22\x22\x22\x22\x22\x22\x22"
	"\x22\x22\x22\x22\x22\x22\xaa\xaa\xaa\xaa\xaa\xaa\xaa\xaa\xaa\xaa"
	"\x9a\x5c\xe6\x66\xe6\x6e\x5b\xcd\xcc\xcd\xdc\xcc\xcd\xcd\xcd\xcd"
	"\xdd\xcd\x6e\x66\x66\x66\x66\x66\x66\x66\x66\x66\x66\x66\x66\x66"
	"\xe6\x66\xf9\x88\x88\x88\x88\x88\x88\x88\x88\x88\x9a\xaa\x9a\x95"
	"\xc5\xba\x55\xbc\x52\x82\x22\x22\x22\x22\x22\x22\x22\x22\x22\x22"
	"\x22\x22\x22\x22\x22\x22\x22\x22\x22\x22\x22\x22\x22\x22\x22\x22"
	"\x22\x22\x22\x22\x22\x22\x22\x22\x28\x89\x99\x99\x99\x99\x99\x99"
	"\x99\x99\x99\x99\x99\x99\x98\x96\xcc\xc6\xa8\x99\x89\x9a\x5a\x5a"
	"\x99\x99\x99\x99\x99\x82\x22\x22\x22\x22\x22\x22\x22\x22\x22\x22"
	"\x22\x22\x22\x22\x22\x22\x22\x22\x22\x22\x22\x22\x22\x22\x22\x22"
	"\x22\x22\x22\x22\x22\x22\x22\x22\x22\x22\x22\x22\x22\x22\x22\x22"
	"\x22\x22\x22\x22\x22\x22\xaa\xaa\xaa\xaa\xaa\xaa\xaa\xaa\xaa\xaa"
	"\xaa\x55\x66\xe6\x6e\x6e\xd5\xdc\xcd\xcc\xcc\xdc\xdc\xdd\xdc\xcd"
	"\xcc\xd6\x66\x66\x66\x66\x66\x66\x66\x66\x66\x66\x66\x66\x66\x6e"
	"\xed\x66\xfa\x88\x88\x88\x88\x88\x88\x88\x88\x88\x29\xa9\xaa\xa9"
	"\xac\x5b\x55\x55\xda\x22\x28\x22\x22\x22\x22\x22\x22\x22\x22\x22"
	"\x22\x22\x22\x22\x22\x22\x22\x22\x22\x22\x22\x22\x22\x22\x22\x22"
	"\x22\x22\x22\x22\x22\x22\x22\x82\x88\x99\x99\x99\x99\x99\x98\x99"
	"\x98\x99\x99\x99\x99\x88\x2a\x6b\xbd\xe9\x99\x89\x99\x8a\xba\xa5"
	"\xa8\x98\x99\x99\x99\x88\x22\x22\x22\x22\x22\x22\x22\x22\x22\x22"
	"\x22\x22\x22\x22\x22\x22\x22\x22\x22\x22\x22\x22\x22\x22\x22\x22"
	"\x22\x22\x22\x22\x22\x22\x22\x22\x22\x22\x22\x22\x22\x22\x22\x22"
	"\x22\x22\x22\x22\x22\x22\xaa\xaa\xaa\xaa\xaa\xaa\xaa\xaa\xaa\xaa"
	"\x9a\x55\xd6\x6e\x66\xed\xfc\xbd\xcd\xcd\xdd\xcd\xdd\xcc\xdd\xdd"
	"\xdd\x6e\x66\x66\x66\x66\x66\x66\x66\x66\x66\x66\x66\x66\x66\x66"
	"\x6e\xe6\xe5\x28\x88\x88\x88\x88\x88\x88\x88\x88\x92\x9a\xa9\xaa"
	"\x9a\xc5\x5b\xa5\x5d\xa2\x22\x82\x22\x22\x22\x22\x22\x22\x22\x22"
	"\x22\x22\x22\x22\x22\x22\x22\x22\x22\x22\x22\x22\x22\x22\x22\x22"
	"\x22\x22\x22\x22\x22\x22\x22\x22\x89\x99\x99\x99\x99\x99\x99\x99"
	"\x99\x89\x89\x99\x99\x92\xad\xcd\xbd\x98\x89\x99\x99\x99\x5a\x55"
	"\x59\x99\x99\x99\x99\x98\x22\x22\x22\x22\x22\x22\x22\x22\x22\x22"
	"\x22\x22\x22\x22\x22\x22\x22\x22\x22\x22\x22\x22\x22\x22\x22\x22"
	"\x22\x22\x22\x22\x22\x22\x22\x22\x22\x22\x22\x22\x22\x22\x22\x22"
	"\x22\x22\x22\x22\x22\x22\xaa\xaa\xaa\xaa\xaa\xaa\xaa\xaa\xaa\xaa"
	"\xaa\xa5\xce\x66\xe6\xe6\x6e\x5c\xcc\xcc\xcc\xdc\xdc\xdd\xdc\xcd"
	"\x6e\x66\xe6\x66\x66\x66\xe6\x66\x66\x66\x66\x66\x66\x66\x66\x66"
	"\x66\xfd\x09\x88\x88\x88\x88\x88\x88\x88\x88\x88\x88\x89\xaa\xa9"
	"\xa9\x9d\x55\x55\x5b\xba\x22\x22\x22\x22\x22\x22\x22\x22\x22\x22"
	"\x22\x22\x22\x22\x22\x22\x22\x22\x22\x22\x22\x22\x22\x22\x22\x22"
	"\x22\x22\x22\x22\x22\x22\x28\x89\x99\x99\x99\x99\x99\x99\x99\x99"
	"\x89\x99\x99\x99\x98\x85\x6c\xcc\x6a\x88\x99\x99\x89\x98\x5a\xaa"
	"\x59\x99\x99\x99\x99\x98\x28\x22\x22\x22\x22\x22\x22\x22\x22\x22"
	"\x22\x22\x22\x22\x22\x22\x22\x22\x22\x22\x22\x22\x22\x22\x22\x22"
	"\x22\x22\x22\x22\x22\x22\x22\x22\x22\x22\x22\x22\x22\x22\x22\x22"
	"\x22\x22\x22\x22\x22\x22\xaa\xaa\xaa\xaa\xaa\xaa\xaa\xaa\xaa\xaa"
	"\xa9\xab\x5e\x66\xe6\x6e\x66\xd5\xbd\xdd\xdc\xcd\xcc\xcc\xcd\xd6"
	"\x6e\x66\xe6\xe6\x66\x66\x66\x66\x66\x66\x66\x66\x66\x66\x66\x66"
	"\x66\xd0\xb2\x88\x88\x88\x88\x88\x88\x88\x88\x88\x29\x88\x8a\x9a"
	"\x9a\xaa\x55\x55\xb5\xcd\x52\x22\x22\x22\x22\x22\x22\x22\x22\x22"
	"\x22\x22\x22\x22\x22\x22\x22\x22\x22\x22\x22\x22\x22\x22\x22\x22"
	"\x22\x22\x22\x22\x22\x22\x88\x89\x99\x99\x99\x99\x99\x99\x99\x99"
	"\x99\x99\x99\x99\x98\xad\xbd\xb6\xa2\x99\x89\x99\x99\x89\xa5\xaa"
	"\x5a\x89\x89\x99\x99\x98\x82\x22\x22\x22\x22\x22\x22\x22\x22\x22"
	"\x22\x22\x22\x22\x22\x22\x22\x22\x22\x22\x22\x22\x22\x22\x22\x22"
	"\x22\x22\x22\x22\x22\x22\x22\x22\x22\x22\x22\x22\x22\x22\x22\x22"
	"\x22\x22\x22\x22\x22\x22\xaa\xaa\xaa\xaa\xaa\xaa\xaa\xaa\xaa\xaa"
	"\xaa\xab\xad\xe6\xe6\x66\xfd\xfe\x6c\xcc\xcd\xcc\xcc\xcd\xd6\x6e"
	"\x66\xee\x6e\xe6\x66\x66\x66\x66\x66\x66\x66\x66\x66\x66\x66\x66"
	"\x66\x0a\x29\x88\x88\x88\x88\x88\x88\x88\x88\x88\x98\x88\x82\xa9"
	"\xa9\x9a\xab\x55\xc5\x55\xbb\x22\x22\x22\x22\x22\x22\x22\x22\x22"
	"\x22\x22\x22\x22\x22\x22\x22\x22\x22\x22\x22\x22\x22\x22\x22\x22"
	"\x22\x22\x22\x22\x22\x22\x88\x99\x99\x99\x98\x99\x99\x99\x99\x98"
	"\x99\x99\x99\x88\x25\xdc\xcb\x69\x99\x99\x99\x99\x99\x99\x95\xa5"
	"\xaa\x99\x99\x99\x99\x99\x98\x22\x22\x22\x22\x22\x22\x22\x22\x22"
	"\x22\x22\x22\x22\x22\x22\x22\x22\x22\x22\x22\x22\x22\x22\x22\x22"
	"\x22\x22\x22\x22\x22\x22\x22\x22\x22\x22\x22\x22\x22\x22\x22\x22"
	"\x22\x22\x22\x22\x22\x22\xaa\xaa\xaa\xaa\xaa\xaa\xaa\xaa\xaa\xaa"
	"\xaa\xa5\xbd\xee\x6e\xed\x6e\x6e\xee\x6d\xdc\xdc\xdd\xd6\x6e\xf6"
	"\x6e\x6e\xee\x66\x66\x66\x66\x66\x66\x66\x66\x66\x66\x66\x66\x66"
	"\x6e\x62\x88\x88\x88\x88\x88\x88\x98\x88\x88\x88\x98\x89\x82\x89"
	"\x9a\x9a\xaa\x5c\x55\x55\xbd\xc2\x22\x22\x22\x22\x22\x22\x22\x22"
	"\x22\x22\x22\x22\x22\x22\x22\x22\x22\x22\x22\x22\x22\x22\x22\x22"
	"\x22\x22\x22\x22\x22\x22\x89\x99\x99\x89\x99\x99\x99\x99\x99\x99"
	"\x99\x99\x99\x88\xa6\xcb\xd6\x98\x89\x98\x98\x99\x99\x98\x95\xaa"
	"\xa5\x99\x99\x99\x99\x99\x98\x22\x22\x22\x22\x22\x22\x22\x22\x22"
	"\x22\x22\x22\x22\x22\x22\x22\x22\x22\x22\x22\x22\x22\x22\x22\x22"
	"\x22\x22\x22\x22\x22\x22\x22\x22\x22\x22\x22\x22\x22\x22\x22\x22"
	"\x22\x22\x22\x22\x22\x22\xaa\xaa\xaa\xaa\xaa\xaa\xaa\xaa\xaa\xaa"
	"\xaa\xa5\x55\x6e\xee\x66\x66\x66\xe6\xe6\xe6\x66\x66\x66\x66\x66"
	"\xe6\x66\x66\x66\x66\x66\x66\x66\x66\x66\x66\x66\x66\x6e\x66\x66"
	"\x6f\x98\x88\x88\x88\x88\x88\x88\x88\x88\x88\x88\x88\x88\x88\x82"
	"\xaa\xaa\x99\xa5\x55\xb5\xbb\xbd\x82\x22\x22\x82\x22\x22\x22\x22"
	"\x22\x22\x22\x22\x22\x22\x22\x22\x22\x22\x22\x22\x22\x22\x22\x22"
	"\x22\x22\x22\x22\x22\x28\x89\x99\x99\x99\x99\x99\x99\x99\x99\x99"
	"\x99\x99\x98\x8a\xdb\xdd\xda\x89\x99\x89\x99\x98\x98\x99\x9a\x55"
	"\xa5\xa8\x99\x99\x99\x99\x98\x22\x22\x28\x22\x22\x22\x22\x22\x22"
	"\x22\x22\x22\x22\x22\x22\x22\x22\x22\x22\x22\x22\x22\x22\x22\x22"
	"\x22\x22\x22\x22\x22\x22\x22\x22\x22\x22\x22\x22\x22\x22\x22\x22"
	"\x22\x22\x22\x22\x22\x22\xaa\xaa\xaa\xaa\xaa\xaa\xaa\xaa\xaa\xaa"
	"\xaa\x9a\x55\x6e\xe6\x66\x66\x6e\x6e\x6e\x66\xe6\xe6\xe6\xe6\x6e"
	"\x66\xe6\xe6\xe6\x66\x66\x66\x66\x66\x66\x66\x66\x66\x66\x66\x6e"
	"\xf5\x29\x88\x98\x88\x88\x88\x88\x88\x88\x88\x88\x88\x88\x88\x88"
	"\x29\xa9\xaa\x99\x55\x5b\xbb\xbc\xd9\x22\x22\x22\x82\x22\x22\x22"
	"\x22\x22\x22\x22\x22\x22\x22\x22\x22\x22\x22\x22\x22\x22\x22\x22"
	"\x22\x28\x22\x22\x22\x28\x99\x99\x99\x99\x99\x99\x99\x99\x99\x99"
	"\x99\x99\x88\x96\xcd\xc6\xa8\x89\x99\x99\x89\x89\x99\x98\x89\xb5"
	"\xa5\x58\x99\x99\x99\x99\x99\x22\x22\x22\x28\x22\x22\x22\x22\x22"
	"\x22\x22\x22\x22\x22\x22\x22\x22\x22\x22\x22\x22\x22\x22\x22\x22"
	"\x22\x22\x22\x22\x22\x22\x22\x22\x22\x22\x22\x22\x22\x22\x22\x22"
	"\x22\x22\x22\x22\x22\x22\xaa\xaa\xaa\xaa\xaa\xaa\xaa\xaa\xaa\xaa"
	"\xaa\xaa\x55\xce\x66\x66\xe6\x66\xe6\xe6\xe6\x66\x66\x66\x66\x66"
	"\xe6\x66\x66\x66\x66\x66\x66\x66\x66\x66\x66\x66\x66\x66\x66\x66"
	"\x02\x89\x88\x88\x88\x88\x88\x88\x88\x88\x88\x88\x88\x88\x88\x82"
	"\x82\x9a\xa9\xa9\xa5\xc5\x55\xbb\xb6\xa2\x22\x28\x22\x22\x22\x22"
	"\x22\x22\x22\x22\x22\x22\x22\x22\x22\x22\x22\x22\x22\x22\x22\x22"
	"\x22\x22\x22\x22\x22\x88\x99\x99\x99\x99\x99\x99\x99\x99\x99\x99"
	"\x98\x99\x2a\x6b\xcc\xe9\x88\x99\x99\x89\x99\x99\x99\x89\x98\x55"
	"\x5a\xb8\x99\x99\x99\x99\x99\x82\x22\x22\x22\x22\x22\x22\x22\x22"
	"\x22\x22\x22\x22\x22\x22\x22\x22\x22\x22\x22\x22\x22\x22\x22\x22"
	"\x22\x22\x22\x22\x22\x22\x22\x22\x22\x22\x22\x22\x22\x22\x22\x22"
	"\x22\x22\x22\x22\x22\x22\xaa\xaa\xaa\xaa\xaa\xaa\xaa\xaa\xaa\xaa"
	"\xaa\xaa\x55\xbe\x66\x66\x66\x66\x66\x66\x66\x66\x66\x66\x66\x66"
	"\x6e\x6e\x6e\x66\x66\x66\x66\x66\x66\x66\x66\x66\x66\x66\xe6\x6f"
	"\xb2\x98\x89\x88\x88\x88\x88\x88\x88\x88\x88\x88\x88\x88\x88\x88"
	"\x89\x29\xaa\xaa\x99\xac\x5b\x5b\xbb\xda\x82\x22\x22\x22\x22\x22"
	"\x22\x22\x22\x22\x22\x22\x22\x22\x22\x22\x22\x22\x22\x22\x22\x22"
	"\x22\x22\x22\x22\x28\x89\x99\x99\x99\x99\x99\x99\x99\x99\x99\x99"
	"\x99\x92\xa6\xbd\xce\x98\x98\x99\x99\x98\x98\x98\x99\x88\x98\xa5"
	"\x55\xc9\x89\x99\x99\x99\x98\x82\x22\x28\x28\x22\x22\x22\x22\x22"
	"\x22\x22\x22\x22\x22\x22\x22\x22\x22\x22\x22\x22\x22\x22\x22\x22"
	"\x22\x22\x22\x22\x22\x22\x22\x22\x22\x22\x22\x22\x22\x22\x22\x22"
	"\x22\x22\x22\x22\x22\x22\xaa\xaa\xaa\xaa\xaa\xaa\xaa\xaa\xaa\xaa"
	"\xaa\xaa\x55\x56\xe6\x66\x66\x66\xe6\xe6\xe6\x66\x66\x66\x66\x66"
	"\x66\x66\x66\x66\x66\x66\x66\x66\x66\x66\x66\x66\x66\x6e\xe6\x6f"
	"\x89\x88\x88\x88\x88\x88\x88\x88\x88\x88\x88\x88\x88\x88\x88\x88"
	"\x88\x88\x8a\xa9\xaa\xa9\x55\x55\xab\xbd\xd2\x22\x82\x22\x22\x22"
	"\x22\x22\x22\x22\x22\x22\x22\x22\x22\x22\x22\x22\x22\x22\x22\x22"
	"\x22\x22\x22\x22\x29\x99\x99\x99\x99\x99\x99\x99\x99\x99\x99\x99"
	"\x89\x8a\xd5\xdb\x69\x89\x99\x99\x99\x99\x99\x99\x99\x99\x99\xab"
	"\x5a\xc9\x99\x99\x99\x99\x99\x92\x22\x22\x22\x22\x22\x22\x22\x22"
	"\x22\x22\x22\x22\x22\x22\x22\x22\x22\x22\x22\x22\x22\x22\x22\x22"
	"\x22\x22\x22\x22\x22\x22\x22\x22\x22\x22\x22\x22\x22\x22\x22\x22"
	"\x22\x22\x22\x22\x22\x22\xaa\xaa\xaa\xaa\xaa\xaa\xaa\xaa\xaa\xaa"
	"\xaa\xa9\x55\x5d\xe6\x66\x66\x66\x66\x66\x66\x66\x66\x66\x66\x66"
	"\x66\x66\x66\x66\x66\x66\x66\xe6\x66\x66\x66\x66\x66\x66\x66\xec"
	"\x29\x88\x98\x98\x88\x88\x88\x88\x88\x88\x88\x88\x88\x88\x88\x88"
	"\x88\x88\x82\xaa\xaa\x9a\xaa\x55\xc5\x5d\xcd\x92\x22\x22\x22\x22"
	"\x22\x22\x22\x22\x22\x22\x22\x22\x22\x22\x22\x22\x22\x22\x22\x22"
	"\x22\x22\x22\x28\x88\x99\x99\x99\x99\x99\x99\x99\x99\x99\x99\x99"
	"\x88\x8d\xdc\xb6\xa2\x99\x89\x99\x99\x89\x98\x99\x99\x98\x89\x9b"
	"\xaa\x5a\x99\x99\x99\x99\x99\x82\x22\x22\x22\x22\x22\x22\x22\x22"
	"\x22\x22\x22\x22\x22\x22\x22\x22\x22\x22\x22\x22\x22\x22\x22\x22"
	"\x22\x22\x22\x22\x22\x22\x22\x22\x22\x22\x22\x22\x22\x22\x22\x22"
	"\x22\x22\x22\x22\x22\x22\xaa\xaa\xaa\xaa\xaa\xaa\xaa\xaa\xaa\xaa"
	"\xaa\xaa\xab\x5c\xe6\x66\x6e\x66\x66\x66\x66\x66\x66\x66\x66\x66"
	"\x66\x66\x66\x66\x66\x66\xe6\x66\x66\x66\x66\x66\x6e\x66\xd6\x09"
	"\x98\x98\x88\x88\x88\x88\x88\x88\x88\x88\x88\x88\x88\x88\x88\x88"
	"\x98\x88\x98\x29\xaa\xaa\x9a\x5c\x5b\xca\xbc\x6a\x22\x22\x22\x22"
	"\x22\x22\x22\x22\x22\x22\x22\x22\x22\x22\x22\x22\x22\x22\x22\x22"
	"\x22\x22\x22\x28\x99\x99\x99\x99\x99\x99\x99\x99\x99\x99\x99\x99"
	"\x98\xdd\xcc\xe9\x89\x89\x99\x99\x99\x99\x99\x99\x99\x99\x99\x95"
	"\x5a\x5a\x89\x99\x99\x99\x99\x92\x22\x28\x22\x22\x22\x22\x22\x22"
	"\x22\x22\x22\x22\x22\x22\x22\x22\x22\x22\x22\x22\x22\x22\x22\x22"
	"\x22\x22\x22\x22\x22\x22\x22\x22\x22\x22\x22\x22\x22\x22\x22\x22"
	"\x22\x22\x22\x22\x22\x22\xaa\xaa\xaa\xaa\xaa\xaa\xaa\xaa\xaa\xa9"
	"\xaa\xaa\xab\x5c\x66\x66\x6e\xe6\x66\x66\x66\x66\x66\x66\x66\x66"
	"\x66\x66\x66\x66\x66\x66\x6e\x66\x66\x66\x66\x66\x66\x66\x66\xf2"
	"\x28\x98\x98\x88\x88\x88\x88\x88\x88\x88\x88\x88\x88\x88\x88\x89"
	"\x88\x89\x98\x88\x99\xa9\xa9\x95\xcb\xa5\x5b\xcd\xc8\x22\x28\x22"
	"\x22\x22\x22\x22\x22\x22\x22\x22\x22\x22\x22\x22\x22\x22\x22\x28"
	"\x22\x22\x22\x28\x99\x99\x99\x99\x99\x99\x99\x99\x99\x99\x99\x99"
	"\x8c\xdb\xb6\x98\x89\x99\x99\x99\x99\x99\x99\x99\x99\x89\x98\x95"
	"\x55\xa5\x99\x99\x99\x99\x99\x92\x28\x22\x22\x22\x22\x22\x22\x22"
	"\x22\x22\x22\x22\x22\x22\x22\x22\x22\x22\x22\x22\x22\x22\x22\x22"
	"\x22\x22\x22\x22\x22\x22\x22\x22\x22\x22\x22\x22\x22\x22\x22\x22"
	"\x22\x22\x22\x22\x22\x22\xaa\xaa\xaa\xaa\xaa\xaa\xaa\xaa\xaa\xaa"
	"\xaa\xaa\xab\x55\x66\xe6\x6e\x66\x66\x66\x66\x66\x66\x66\x66\x66"
	"\x66\x66\x66\x66\x66\x66\x66\x66\x66\x66\x66\x66\x66\xe6\x60\xa8"
	"\x88\x88\x88\x88\x88\x88\x88\x88\x88\x88\x88\x88\x88\x88\x88\x88"
	"\x88\x88\x88\x89\x28\xaa\x9a\xa9\x95\xb5\x5b\x55\xc6\x92\x22\x22"
	"\x28\x22\x22\x22\x22\x22\x22\x22\x22\x22\x22\x22\x22\x22\x22\x22"
	"\x22\x22\x22\x88\x99\x99\x99\x99\x99\x99\x99\x99\x99\x99\x98\x92"
	"\x56\xcd\x6a\x89\x99\x99\x99\x99\x99\x99\x99\x99\x99\x99\x98\x9a"
	"\x55\xab\xa8\x99\x99\x99\x99\x98\x22\x22\x22\x22\x22\x22\x22\x22"
	"\x22\x22\x22\x22\x22\x22\x22\x22\x22\x22\x22\x22\x22\x22\x22\x22"
	"\x22\x22\x22\x22\x22\x22\x22\x22\x22\x22\x22\x22\x22\x22\x22\x22"
	"\x22\x22\x22\x22\x22\x22\xaa\xaa\xaa\xaa\xaa\xaa\xaa\xaa\xaa\xaa"
	"\xaa\xaa\xa5\x55\xde\x66\x66\xe6\x66\x66\x66\x66\x66\x66\x66\x66"
	"\x66\x66\x66\x66\x66\xe6\x66\x66\x66\x66\x66\x6e\x66\x6e\x6e\x98"
	"\x88\x88\x88\x88\x88\x88\x88\x88\x88\x88\x88\x88\x88\x88\x88\x89"
	"\x88\x98\x88\x88\x98\x8a\xa9\xaa\xaa\xac\xcb\x55\xc5\x65\x22\x22"
	"\x22\x22\x28\x22\x22\x22\x22\x22\x22\x22\x22\x22\x22\x22\x22\x22"
	"\x22\x22\x28\x89\x99\x99\x99\x99\x99\x99\x99\x99\x99\x99\x99\x8a"
	"\xdc\xc6\xa8\x99\x99\x98\x99\x99\x99\x99\x99\x99\x89\x99\x99\x99"
	"\x5a\xab\x99\x99\x99\x99\x99\x98\x22\x22\x22\x22\x22\x22\x22\x22"
	"\x22\x22\x22\x22\x22\x22\x22\x22\x22\x22\x22\x22\x22\x22\x22\x22"
	"\x22\x22\x22\x22\x22\x22\x22\x22\x22\x22\x22\x22\x22\x22\x22\x22"
	"\x22\x22\x22\x22\x82\x22\xaa\xaa\xaa\xaa\xaa\xaa\xaa\xaa\xaa\xaa"
	"\xaa\xaa\xa5\xb5\xce\x66\x6e\x66\x66\x66\x66\x66\x6e\x6e\x6e\x66"
	"\x66\x66\x66\x6e\x66\x66\x66\x66\x66\x66\x66\x66\xe6\x66\xfb\x28"
	"\x88\x88\x88\x88\x88\x88\x88\x88\x88\x88\x88\x88\x88\x88\x88\x88"
	"\x88\x88\x98\x88\x28\x82\x9a\x99\x59\xaa\x55\x5a\xac\xcc\xd9\x22"
	"\x22\x22\x22\x22\x22\x22\x22\x22\x22\x22\x22\x22\x22\x22\x22\x22"
	"\x22\x22\x22\x89\x99\x99\x99\x99\x99\x99\x99\x99\x99\x89\x88\x96"
	"\xcc\x6a\x89\x99\x99\x99\x99\x99\x99\x99\x99\x99\x99\x89\x89\x99"
	"\xba\x55\xa8\x99\x99\x99\x99\x98\x82\x22\x22\x22\x22\x22\x22\x22"
	"\x22\x22\x22\x22\x22\x22\x22\x22\x22\x22\x22\x22\x22\x22\x22\x22"
	"\x22\x22\x22\x22\x22\x22\x22\x22\x22\x22\x22\x22\x22\x22\x22\x22"
	"\x22\x22\x22\x28\x22\x22\xaa\xaa\xaa\xaa\xaa\xaa\xaa\xaa\xaa\xaa"
	"\xaa\xaa\xaa\xb5\xbe\x66\x66\x66\x66\x66\x66\x66\x66\x66\x66\xe6"
	"\x66\x66\x66\x66\xe6\x66\x66\x66\x66\x66\x66\x66\x66\x66\x09\x28"
	"\x88\x88\x88\x88\x88\x88\x88\x88\x88\x88\x88\x88\x88\x88\x88\x88"
	"\x88\x88\x88\x88\x88\x88\x28\xaa\x9a\xa9\x8b\xb5\xa5\xac\xbd\x58"
	"\x22\x22\x22\x82\x22\x22\x22\x22\x22\x22\x22\x22\x22\x22\x22\x22"
	"\x22\x22\x28\x89\x99\x99\x99\x99\x99\x99\x99\x99\x99\x99\x89\xdc"
	"\xbd\xb2\x89\x99\x98\x98\x99\x99\x99\x99\x99\x99\x99\x99\x99\x98"
	"\x5a\x55\xa9\x99\x99\x99\x99\x99\x22\x22\x22\x22\x22\x22\x22\x22"
	"\x22\x22\x22\x22\x22\x22\x22\x22\x22\x22\x22\x22\x22\x22\x22\x22"
	"\x22\x22\x22\x22\x22\x22\x22\x22\x22\x22\x22\x22\x22\x22\x22\x22"
	"\x22\x22\x22\x22\x28\x22\xaa\xaa\xaa\xaa\xaa\xaa\xaa\xaa\xaa\xaa"
	"\xaa\xaa\x9a\x55\x5e\x6e\x66\x66\x66\x66\x66\x66\x6e\x6e\x6e\x66"
	"\x66\x66\x6e\x66\x66\x66\x66\x66\x66\x66\x66\x66\x66\x6e\x62\x88"
	"\x88\x88\x88\x88\x88\x88\x88\x88\x88\x88\x88\x88\x88\x88\x88\x88"
	"\x88\x88\x88\x88\x98\x88\x88\x8a\xaa\x99\x82\x95\xca\xb5\x55\xcd"
	"\xa2\x22\x28\x22\x22\x22\x22\x22\x22\x22\x22\x22\x22\x22\x22\x22"
	"\x22\x22\x88\x89\x99\x99\x99\x99\x99\x99\x99\x99\x99\x88\x2d\xdc"
	"\x6a\x89\x99\x99\x99\x99\x99\x99\x99\x99\x99\x99\x89\x89\x99\x99"
	"\xa5\x55\x59\x99\x99\x99\x99\x98\x82\x22\x22\x22\x22\x22\x22\x22"
	"\x22\x22\x22\x22\x22\x22\x22\x22\x22\x22\x22\x22\x22\x22\x22\x22"
	"\x22\x22\x22\x22\x22\x22\x22\x22\x22\x22\x22\x22\x22\x22\x22\x22"
	"\x22\x22\x22\x22\x82\x22\xaa\xaa\xaa\xaa\xaa\xaa\xaa\xaa\xaa\xaa"
	"\xaa\xaa\xaa\x55\xa6\x66\x66\x66\x66\x66\x66\x66\x66\x66\x66\x66"
	"\x66\x66\x66\x66\x66\x66\x66\x66\x66\x66\x66\x66\x66\x6f\xa2\x88"
	"\x88\x88\x88\x88\x88\x88\x88\x88\x88\x88\x88\x88\x88\x88\x88\x88"
	"\x88\x89\x88\x99\x88\x88\x88\x88\x9a\x92\x82\x88\xac\x5b\x5b\xcc"
	"\xcb\x92\x22\x22\x22\x22\x22\x22\x22\x22\x22\x22\x22\x22\x22\x22"
	"\x22\x22\x28\x99\x99\x99\x99\x99\x99\x99\x99\x99\x99\x88\x5d\xdd"
	"\xd8\x99\x99\x99\x99\x99\x99\x99\x99\x99\x99\x99\x99\x99\x89\x99"
	"\x9b\x5a\x59\x99\x99\x99\x99\x99\x82\x22\x22\x22\x22\x22\x22\x22"
	"\x22\x22\x22\x22\x22\x22\x22\x22\x22\x22\x22\x22\x22\x22\x22\x22"
	"\x22\x22\x22\x22\x22\x22\x22\x22\x22\x22\x22\x22\x22\x22\x22\x22"
	"\x22\x22\x22\x28\x22\x28\xaa\xaa\xaa\xaa\xaa\xaa\xaa\xaa\xaa\xaa"
	"\xaa\xaa\xaa\x55\x56\xe6\x66\x66\x66\x66\x66\x66\x6e\x6e\x6e\x66"
	"\x66\x6e\x6e\x66\x66\x66\x66\x66\x66\x66\x66\x66\x66\xe6\x88\x88"
	"\x88\x88\x88\x98\x88\x88\x88\x88\x88\x88\x88\x88\x88\x88\x88\x88"
	"\x88\x88\x88\x88\x88\x88\x89\x88\x88\x89\x88\x88\x29\x5c\x55\xa5"
	"\xcb\xd5\x82\x22\x22\x22\x22\x22\x22\x22\x22\x22\x22\x22\x22\x22"
	"\x22\x82\x88\x99\x99\x99\x99\x99\x99\x99\x99\x99\x99\x85\xdc\xdb"
	"\x88\x99\x98\x99\x99\x99\x99\x99\x99\x99\x99\x99\x89\x89\x98\x99"
	"\x95\x5a\x59\x99\x99\x99\x99\x98\x82\x22\x22\x22\x22\x22\x22\x22"
	"\x22\x22\x22\x22\x22\x22\x22\x22\x22\x22\x22\x22\x22\x22\x22\x22"
	"\x22\x22\x22\x22\x22\x22\x22\x22\x22\x22\x22\x22\x22\x22\x22\x22"
	"\x22\x22\x22\x22\x22\x29\xaa\xaa\xaa\xaa\xaa\xaa\xaa\xaa\xaa\xaa"
	"\xaa\xaa\xaa\x55\x56\xe6\x66\x66\x66\x66\x66\x66\x66\x66\x66\x66"
	"\x66\x66\x66\x66\x66\x66\x66\x66\x66\x66\x66\x66\x66\xf5\x88\x88"
	"\x88\x98\x88\x88\x88\x88\x88\x88\x88\x88\x88\x88\x88\x88\x88\x88"
	"\x88\x88\x98\x89\x89\x89\x88\x88\x28\x88\x88\x28\x82\x8a\xdb\xb5"
	"\x5b\xbc\xda\x82\x22\x22\x22\x22\x22\x22\x22\x22\x22\x22\x22\x22"
	"\x22\x22\x88\x99\x99\x99\x99\x99\x99\x99\x99\x99\x98\xad\xcd\xc8"
	"\x89\x98\x99\x88\x99\x99\x99\x99\x99\x99\x99\x99\x98\x98\x99\x99"
	"\x95\xa5\x59\x99\x99\x99\x99\x99\x82\x22\x22\x22\x22\x22\x22\x22"
	"\x22\x22\x22\x22\x22\x22\x22\x22\x22\x22\x22\x22\x22\x22\x22\x22"
	"\x22\x22\x22\x22\x22\x22\x22\x22\x22\x22\x22\x22\x22\x22\x22\x22"
	"\x22\x22\x22\x28\x28\xab\xaa\xaa\xaa\xaa\xaa\xaa\xaa\xaa\xaa\xaa"
	"\xaa\xaa\xaa\xa5\xac\x6e\xe6\x66\x66\x66\x66\x66\x66\x66\x6e\x66"
	"\x66\x66\x66\x66\x66\x66\x66\x66\x66\x66\x66\x6e\xd6\x09\x29\x88"
	"\x88\x88\x88\x88\x88\x88\x88\x88\x88\x88\x88\x88\x88\x88\x88\x88"
	"\x88\x88\x88\x88\x88\x88\x88\x88\x88\x88\x88\x88\x89\x82\x8a\xcb"
	"\xb5\xbb\xbc\x69\x82\x22\x22\x22\x22\x22\x22\x22\x22\x22\x22\x22"
	"\x22\x28\x28\x99\x99\x99\x99\x99\x89\x99\x99\x89\x88\xdd\xdc\x89"
	"\x98\x99\x99\x99\x99\x99\x99\x98\x89\x99\x99\x89\x89\x99\x99\x99"
	"\x9a\x55\x5a\x89\x99\x99\x99\x99\x82\x22\x22\x22\x22\x22\x22\x22"
	"\x22\x22\x22\x22\x22\x22\x22\x22\x22\x22\x22\x22\x22\x22\x22\x22"
	"\x22\x22\x22\x22\x22\x22\x22\x22\x22\x22\x22\x22\x22\x22\x22\x22"
	"\x22\x22\x22\x22\x9c\xa5\xaa\xaa\xaa\xaa\xaa\xaa\xaa\xaa\xaa\xaa"
	"\xaa\xaa\xaa\xa5\xac\x6e\xe6\x66\x66\x66\x66\x66\x66\x66\x66\x66"
	"\x66\x66\x66\x66\x66\x66\x66\x66\x66\x66\x66\x66\xe6\xd8\x88\x98"
	"\x88\x88\x88\x88\x88\x88\x88\x88\x88\x88\x88\x88\x88\x88\x88\x88"
	"\x88\x88\x88\x88\x88\x88\x88\x88\x88\x88\x88\x89\x82\x88\x22\x9c"
	"\xb5\x5b\xb5\xbd\xd9\x22\x82\x22\x22\x22\x22\x22\x22\x22\x22\x22"
	"\x22\x82\x28\x99\x99\x99\x99\x88\x99\x99\x99\x98\x8d\xdb\x62\x89"
	"\x89\x89\x98\x99\x98\x99\x99\x99\x98\x99\x98\x98\x89\x99\x99\x99"
	"\x99\x55\x5a\x99\x99\x99\x99\x99\x82\x22\x22\x22\x22\x22\x22\x22"
	"\x22\x22\x22\x22\x22\x22\x22\x22\x22\x22\x22\x22\x22\x22\x22\x22"
	"\x22\x22\x22\x22\x22\x22\x22\x22\x22\x22\x22\x22\x22\x22\x22\x22"
	"\x22\x28\x22\x85\xa5\xaa\xaa\xaa\xaa\xaa\xaa\xaa\xaa\xaa\xaa\xaa"
	"\xaa\xaa\xaa\xa5\x5c\xee\xe6\x66\x66\x66\x66\x66\x66\x66\x6e\x66"
	"\x66\x66\x66\x66\x66\x66\x66\x66\x66\x66\x66\x66\xee\xa2\x88\x88"
	"\x88\x88\x88\x88\x88\x88\x88\x88\x88\x88\x88\x88\x88\x88\x88\x88"
	"\x88\x88\x88\x88\x88\x88\x88\x88\x88\x88\x88\x88\x88\x88\x88\x22"
	"\xab\xb5\xa5\x55\x5d\x69\x22\x22\x22\x22\x22\x22\x22\x22\x22\x22"
	"\x22\x22\x89\x99\x99\x99\x99\x99\x99\x99\x99\x89\xad\xcd\x88\x99"
	"\x99\x98\x99\x98\x99\x99\x98\x88\x99\x99\x99\x99\x98\x89\x99\x99"
	"\x99\x55\x5a\x99\x99\x99\x99\x99\x82\x22\x22\x22\x22\x22\x22\x22"
	"\x22\x22\x22\x22\x22\x22\x22\x22\x22\x22\x22\x22\x22\x22\x22\x22"
	"\x22\x22\x22\x22\x22\x22\x22\x22\x22\x22\x22\x22\x22\x22\x22\x28"
	"\x22\x22\x89\xc5\x55\xaa\xaa\xaa\xaa\xaa\xaa\xaa\xaa\xaa\xaa\xaa"
	"\xaa\xaa\xaa\xa5\xbb\xe6\xe6\x66\x66\x66\x66\x66\x66\x66\x66\x66"
	"\x66\x66\x66\x66\x66\x66\x66\x66\x66\x66\x66\x6f\xd6\x98\x88\x88"
	"\x88\x88\x88\x88\x88\x88\x88\x88\x88\x88\x88\x88\x88\x88\x88\x88"
	"\x88\x88\x88\x88\x88\x88\x88\x88\x88\x88\x88\x88\x88\x82\x88\x22"
	"\x28\xad\xc5\xb5\xb5\xbd\xda\x22\x22\x22\x22\x22\x22\x22\x22\x22"
	"\x22\x82\x89\x89\x99\x99\x99\x98\x99\x99\x98\x99\xdd\xd9\x89\x99"
	"\x99\x99\x89\x99\x99\x98\x99\x99\x99\x99\x99\x99\x99\x89\x89\x99"
	"\x98\xa5\x5a\x99\x99\x99\x99\x99\x82\x22\x22\x22\x22\x22\x22\x22"
	"\x22\x22\x22\x22\x22\x22\x22\x22\x22\x22\x22\x22\x22\x22\x22\x22"
	"\x22\x22\x22\x22\x22\x22\x22\x22\x22\x22\x22\x22\x22\x22\x22\x22"
	"\x22\x29\x5b\x55\xaa\xaa\xaa\xaa\xaa\xaa\xaa\xaa\xaa\xaa\xaa\xaa"
	"\xaa\xaa\xaa\xa5\x55\xe6\x66\x66\x66\x66\x66\x66\x66\x66\x66\x66"
	"\x66\x66\x66\x66\x66\x66\x66\x66\x66\x66\x66\x66\xeb\x88\x88\x88"
	"\x88\x88\x88\x88\x88\x88\x88\x88\x88\x88\x88\x88\x88\x88\x88\x88"
	"\x88\x88\x88\x88\x88\x88\x88\x88\x88\x88\x88\x88\x88\x89\x82\x88"
	"\x88\x88\xa5\x5b\x55\x55\x5c\xeb\x82\x22\x28\x22\x22\x22\x22\x22"
	"\x22\x22\x89\x99\x99\x99\x99\x99\x99\x98\x99\x96\xdc\x99\x99\x99"
	"\x99\x99\x99\x99\x88\x98\x88\x89\x88\x88\x99\x99\x98\x98\x99\x99"
	"\x98\xa5\xa5\x99\x99\x99\x99\x99\x82\x22\x22\x22\x22\x22\x22\x22"
	"\x22\x22\x22\x22\x22\x22\x22\x22\x22\x22\x22\x22\x22\x22\x22\x22"
	"\x22\x22\x22\x22\x22\x22\x22\x22\x22\x22\x22\x22\x22\x22\x22\x22"
	"\x28\xa5\x5a\xaa\xaa\xaa\xaa\xaa\xaa\xaa\xaa\xaa\xaa\xaa\xaa\xaa"
	"\xaa\xaa\xaa\xaa\xb5\x66\x66\x66\x66\x66\x66\x66\x66\x66\x66\x66"
	"\x66\x66\x66\x66\x66\x66\x66\x66\x66\x66\x66\x66\x09\x29\x88\x98"
	"\x88\x88\x88\x88\x88\x88\x88\x88\x88\x88\x88\x88\x88\x88\x88\x88"
	"\x88\x88\x88\x88\x88\x88\x88\x88\x88\x88\x88\x88\x88\x88\x88\x88"
	"\x88\x28\x29\xab\xbb\x55\x55\x5d\x65\x92\x27\x82\x22\x22\x22\x22"
	"\x22\x22\x89\x89\x99\x99\x99\x99\x99\x89\x98\xcd\x69\x89\x99\x99"
	"\x99\x99\x99\x99\x89\x98\x9a\x5c\xcb\x59\x89\x99\x99\x89\x99\x99"
	"\x98\xa5\x55\x99\x99\x99\x99\x99\x82\x22\x22\x22\x22\x22\x22\x22"
	"\x22\x22\x22\x22\x22\x22\x22\x22\x22\x22\x22\x22\x22\x22\x22\x22"
	"\x22\x22\x22\x22\x22\x22\x22\x22\x22\x22\x22\x22\x22\x22\x22\x22"
	"\xa5\xb5\x55\xaa\xaa\xaa\xaa\xaa\xaa\xaa\xaa\xaa\xaa\xaa\xaa\xaa"
	"\xaa\xaa\xaa\xaa\xb5\x66\x6e\x66\x66\x66\x66\x66\x66\x66\x66\x66"
	"\x66\x66\x66\x66\x66\x66\x66\x66\x66\x66\x66\x6e\x62\x88\x88\x88"
	"\x88\x88\x88\x88\x88\x88\x88\x88\x88\x88\x88\x88\x88\x88\x88\x88"
	"\x88\x88\x88\x88\x88\x88\x88\x88\x88\x88\x88\x88\x88\x88\x88\x88"
	"\x28\x88\x82\x29\xa5\x5a\x55\x55\xdd\x6d\xa2\x22\x22\x22\x22\x22"
	"\x22\x22\x89\x88\x99\x99\x98\x99\x98\x99\x2c\xdc\x99\x99\x99\x98"
	"\x89\x99\x99\x88\x92\x8d\x6d\xdd\xcd\xce\xd2\x88\x98\x99\x99\x99"
	"\x99\x9b\x55\x99\x99\x99\x99\x99\x82\x22\x22\x22\x22\x22\x22\x22"
	"\x22\x22\x22\x22\x22\x22\x22\x22\x22\x22\x22\x22\x22\x22\x22\x22"
	"\x22\x22\x22\x22\x22\x22\x22\x22\x22\x22\x22\x28\x22\x22\x28\x9b"
	"\x5a\xaa\xaa\x5a\xaa\xaa\xaa\xaa\xaa\xaa\xaa\xaa\xaa\xaa\xaa\xaa"
	"\xaa\xaa\xaa\xaa\xb5\xd6\x6e\x66\x66\x66\x66\x66\x66\x66\x66\x66"
	"\x66\x66\x66\x66\x66\x66\x66\x66\x66\x66\x66\x6f\xa8\x88\x88\x88"
	"\x88\x88\x88\x88\x88\x88\x88\x88\x88\x88\x88\x88\x88\x88\x88\x88"
	"\x88\x88\x88\x88\x88\x88\x88\x88\x88\x88\x88\x88\x88\x89\x88\x88"
	"\x88\x88\x88\x82\x29\xad\x55\x5c\xbc\xbd\xdd\x52\x22\x22\x22\x22"
	"\x22\x22\x89\x89\x99\x99\x99\x99\x99\x88\xa6\xda\x89\x99\x99\x99"
	"\x89\x99\x99\x99\x85\xd6\xcd\xcc\xdc\xcd\xc6\xa8\x89\x99\x99\x99"
	"\x99\x95\x55\x99\x99\x99\x99\x99\x82\x22\x22\x22\x22\x22\x22\x22"
	"\x22\x22\x22\x22\x22\x22\x22\x22\x22\x22\x22\x22\x22\x22\x22\x22"
	"\x22\x22\x22\x22\x22\x22\x22\x22\x22\x22\x22\x22\x82\x22\x9a\xb5"
	"\x55\xaa\xaa\xaa\xaa\xaa\xaa\xaa\xaa\xaa\xaa\xaa\xaa\xaa\xaa\xaa"
	"\xaa\xaa\xaa\xaa\x55\x66\x66\x66\x66\x66\x66\x66\x66\x66\x66\x66"
	"\x66\x66\x66\x66\x66\x66\x66\x66\xe6\x6e\x66\xe6\x88\x89\x89\x88"
	"\x88\x88\x88\x88\x88\x88\x88\x88\x88\x88\x88\x88\x88\x88\x88\x88"
	"\x88\x88\x88\x88\x88\x88\x88\x88\x88\x88\x88\x88\x88\x88\x88\x88"
	"\x88\x88\x88\x88\x98\x29\xa5\x55\x55\x5b\xbc\xc6\xda\x82\x72\x22"
	"\x22\x82\x89\x99\x99\x99\x99\x89\x89\x89\xdd\xa8\x99\x99\x99\x89"
	"\x89\x99\x98\x89\xdd\xbc\xcc\xcc\xbc\xbb\xcd\xd5\x99\x89\x98\x89"
	"\x99\x85\x55\x99\x99\x99\x99\x99\x22\x22\x22\x22\x22\x22\x22\x22"
	"\x22\x22\x22\x22\x22\x22\x22\x22\x22\x22\x22\x22\x22\x22\x22\x22"
	"\x22\x22\x22\x22\x22\x22\x28\x22\x82\x22\x22\x82\x78\x95\xaa\xaa"
	"\xaa\xaa\xaa\xaa\xaa\xaa\xaa\xaa\xaa\xaa\xaa\xaa\xaa\xaa\xaa\xaa"
	"\xaa\xaa\xaa\xaa\x5a\xde\xe6\x66\x66\x66\x66\x66\x66\x66\x66\x66"
	"\x66\x66\x66\x66\x66\x66\x66\x6e\x66\xe6\x66\xec\x88\x88\x88\x88"
	"\x88\x88\x88\x88\x88\x88\x88\x88\x88\x88\x88\x88\x88\x88\x88\x88"
	"\x88\x88\x88\x88\x88\x88\x88\x89\x88\x88\x88\x88\x88\x88\x88\x88"
	"\x88\x88\x88\x88\x28\x82\x29\xad\x55\xcb\x55\xbc\xdd\x6b\xa8\x27"
	"\x22\x22\x89\x99\x99\x99\x89\x98\x99\x8d\x6a\x28\x99\x99\x99\x99"
	"\x98\x98\x89\xa6\xcd\xcc\xcc\xcc\xcc\xcb\xcc\xd6\xb2\x99\x89\x89"
	"\x99\x8a\x55\x99\x99\x99\x99\x98\x82\x22\x22\x82\x22\x22\x22\x22"
	"\x22\x22\x22\x22\x22\x22\x22\x22\x22\x22\x22\x22\x22\x22\x22\x22"
	"\x22\x22\x22\x22\x22\x82\x22\x22\x22\x82\x28\x22\xa5\xa5\x55\xa5"
	"\xaa\xaa\xaa\xaa\xaa\xaa\xaa\xaa\xaa\xaa\xaa\xaa\xaa\xaa\xaa\xaa"
	"\xaa\xaa\xaa\xaa\x5c\xd6\x66\xe6\x66\x66\x66\x66\x66\x66\x66\x66"
	"\x66\x66\x66\x66\x66\x66\x66\x6e\xde\xe6\x66\x09\x88\x88\x88\x88"
	"\x88\x88\x88\x88\x88\x88\x88\x88\x88\x88\x88\x88\x88\x88\x88\x88"
	"\x88\x88\x88\x88\x88\x88\x88\x88\x89\x88\x98\x88\x88\x88\x88\x88"
	"\x88\x88\x88\x88\x89\x88\x92\x72\xab\xba\x55\x55\x55\xbb\x66\xca"
	"\x82\x22\x28\x89\x99\x99\x99\x99\x92\x56\x58\x98\x98\x99\x89\x99"
	"\x99\x88\x9d\xdc\x5c\xcb\xcc\xcb\xcc\xcc\xcc\xcc\xdc\x28\x99\x89"
	"\x99\x8a\xb5\xa8\x99\x99\x99\x99\x82\x22\x22\x22\x22\x22\x22\x22"
	"\x22\x22\x22\x22\x22\x22\x22\x22\x22\x22\x22\x22\x22\x22\x22\x22"
	"\x22\x22\x22\x22\x22\x22\x22\x82\x22\x22\x28\x9d\x5a\x5a\xaa\xaa"
	"\xa5\xa5\xaa\xaa\xaa\xaa\xaa\xaa\xaa\xaa\xaa\xaa\xaa\xaa\xaa\xaa"
	"\xaa\xaa\xaa\xaa\xbe\x66\x66\xe6\x66\x66\x66\x66\x66\x66\x66\x66"
	"\x66\x66\x66\x66\x66\x66\x66\x66\x66\x66\xe6\xf8\x88\x88\x88\x88"
	"\x88\x88\x88\x88\x88\x88\x88\x88\x88\x88\x88\x88\x88\x88\x88\x88"
	"\x88\x88\x88\x88\x88\x88\x88\x88\x88\x88\x88\x88\x88\x88\x88\x88"
	"\x98\x88\x88\x88\x88\x98\x28\x92\x22\xac\xb5\x5b\x55\xbb\xbc\xcd"
	"\xdb\xa8\x28\x99\x99\x99\x99\x99\x8a\x65\x99\x89\x99\x99\x99\x99"
	"\x98\x8a\xd6\xcc\xdc\xcc\xcc\xbb\xbc\xcc\xcb\xcc\xd6\xa8\x89\x99"
	"\x99\x99\xb5\xa9\x99\x99\x99\x98\x82\x22\x22\x82\x22\x22\x22\x22"
	"\x22\x22\x22\x22\x22\x22\x22\x22\x22\x22\x22\x22\x22\x22\x22\x22"
	"\x22\x22\x22\x22\x22\x22\x22\x22\x22\x28\x9a\x5a\xaa\xaa\xaa\x5a"
	"\xaa\xaa\xaa\xaa\xaa\xaa\xaa\xaa\xaa\xaa\xaa\xaa\xaa\xaa\xaa\xaa"
	"\xaa\xaa\xaa\xaa\x5f\xe6\x66\x6e\x66\x66\x66\x66\x66\x66\x66\x66"
	"\x66\x66\x66\x66\x66\x66\x66\x66\xe6\x6f\xee\xb2\x88\x88\x88\x88"
	"\x88\x88\x88\x88\x88\x88\x88\x88\x88\x88\x88\x88\x88\x88\x88\x88"
	"\x88\x88\x88\x88\x88\x88\x88\x88\x88\x88\x88\x88\x88\x88\x88\x88"
	"\x88\x88\x88\x88\x98\x88\x88\x28\x89\x82\x9a\x55\xb5\x55\x55\xbb"
	"\xbb\xcd\x65\x98\x89\x98\x99\x88\x96\xc8\x99\x99\x98\x99\x89\x98"
	"\x89\xc6\xd5\xcb\xc5\xcc\xcc\xcc\xbc\xcc\xcc\xbb\xbb\x69\x89\x89"
	"\x99\x99\x55\xa9\x99\x99\x99\x98\x22\x22\x28\x22\x22\x22\x22\x22"
	"\x22\x22\x22\x22\x22\x22\x22\x22\x22\x22\x22\x22\x22\x22\x22\x22"
	"\x22\x22\x22\x22\x22\x22\x22\x22\x29\xa5\xaa\xaa\xaa\xaa\xaa\xaa"
	"\xaa\xaa\xaa\xaa\xaa\xaa\xaa\xaa\xaa\xaa\xaa\xaa\xaa\xaa\xaa\xaa"
	"\xaa\xaa\xaa\xaa\xaf\x66\xee\xe6\x6e\x66\x66\x66\x66\x66\x66\x66"
	"\x66\x66\x66\x66\x66\x66\x66\x66\x66\xee\xdf\x98\x88\x88\x88\x88"
	"\x88\x88\x88\x88\x88\x88\x88\x88\x88\x88\x88\x88\x88\x88\x88\x88"
	"\x88\x88\x88\x88\x88\x88\x88\x88\x88\x89\x88\x88\x88\x88\x88\x88"
	"\x88\x88\x88\x88\x88\x88\x88\x88\x88\x22\x28\x2a\xbd\xc5\x55\x5a"
	"\x5c\xbc\xdd\xdc\x98\x89\x99\x99\xdd\x88\x99\x99\x99\x89\x88\x88"
	"\x9d\xdc\xcb\xcc\xbd\xc5\xbc\xcb\xbc\xcc\xcc\xcc\x5c\xd5\x99\x99"
	"\x99\x99\xa5\x58\x99\x99\x99\x98\x82\x22\x22\x28\x22\x22\x22\x22"
	"\x22\x22\x22\x22\x22\x22\x22\x22\x22\x22\x22\x22\x22\x22\x22\x22"
	"\x22\x22\x22\x22\x22\x22\x28\x8a\xa5\xa5\xaa\xaa\xaa\xaa\xaa\xaa"
	"\xaa\xaa\xaa\xaa\xaa\xaa\xaa\xaa\xaa\xaa\xaa\xaa\xaa\xaa\xaa\xaa"
	"\xaa\xaa\xaa\xaa\xae\x66\x6e\xee\x66\x66\x66\x66\x66\x66\x66\x66"
	"\x66\x66\x66\x66\x66\x66\x66\x66\x66\x66\x6d\x88\x88\x88\x88\x88"
	"\x88\x88\x88\x88\x88\x88\x88\x88\x88\x88\x88\x88\x88\x88\x88\x88"
	"\x88\x88\x88\x88\x88\x88\x88\x88\x88\x88\x89\x88\x88\x88\x88\x88"
	"\x88\x88\x88\x88\x88\x88\x98\x88\x88\x88\x88\x92\x89\xa5\x55\x55"
	"\x5a\x55\x55\xbc\xdd\xa8\x82\x86\xc8\x99\x99\x99\x99\x89\x88\x8a"
	"\xeb\xdb\x5d\x5b\x5c\xbb\xcc\x5c\xcc\xcb\xbb\xcb\xbc\xce\x98\x89"
	"\x99\x98\xa5\x59\x99\x99\x99\x98\x22\x22\x28\x22\x22\x22\x22\x22"
	"\x22\x22\x22\x22\x22\x22\x22\x22\x22\x22\x22\x22\x22\x22\x22\x22"
	"\x22\x22\x22\x22\x22\x29\x9a\xcb\xa5\xaa\xa5\xaa\x5a\xaa\xaa\xaa"
	"\xaa\xaa\xaa\x5a\xaa\xaa\xaa\xaa\xaa\xaa\xaa\xaa\xaa\xaa\xaa\xaa"
	"\xaa\xaa\xaa\xaa\xa6\xe6\x66\x66\xe6\x66\x66\x66\x66\x66\x66\x66"
	"\x66\x66\x66\x66\x66\x66\x66\x66\x66\x66\x0a\x89\x88\x89\x88\x88"
	"\x88\x88\x88\x88\x88\x88\x88\x88\x88\x88\x88\x88\x88\x88\x88\x88"
	"\x88\x88\x88\x88\x88\x88\x88\x88\x88\x88\x88\x88\x88\x88\x88\x88"
	"\x88\x88\x88\x88\x28\x88\x88\x88\x88\x88\x89\x88\x82\x88\xab\xc5"
	"\xb5\x55\x55\x55\x5b\xdd\x5a\xcd\x98\x99\x99\x99\x98\x99\x89\xa6"
	"\xbd\x5b\xc5\xcb\xdb\xbc\xbb\xcc\xcc\xcc\xbb\xbc\xc5\xbd\xd8\x89"
	"\x99\x98\xab\xb9\x99\x99\x99\x98\x22\x22\x22\x22\x22\x22\x22\x22"
	"\x22\x22\x22\x22\x22\x22\x22\x22\x22\x22\x22\x22\x22\x22\x22\x22"
	"\x22\x22\x22\x22\x99\xa5\xb5\xaa\x5a\xaa\xaa\x55\x55\xaa\xaa\xaa"
	"\xaa\xaa\xaa\xaa\xaa\xaa\xaa\xaa\xaa\xaa\xaa\xaa\xaa\xaa\xaa\xaa"
	"\xaa\xaa\xaa\xaa\xad\xe6\x66\x66\x66\x66\x66\x66\x66\x66\x66\x66"
	"\x66\x66\x66\x66\x66\x66\x66\x66\xee\x6e\x02\x88\x88\x98\x88\x88"
	"\x88\x88\x88\x88\x88\x88\x88\x88\x88\x98\x88\x88\x88\x88\x88\x88"
	"\x88\x88\x98\x99\x99\x88\x88\x88\x88\x88\x88\x89\x88\x88\x99\x89"
	"\x88\x88\x88\x88\x88\x88\x88\x88\x88\x88\x88\x88\x88\x88\x22\x9a"
	"\x55\xb5\x5b\x5b\x5b\x5c\xc6\xe8\x88\x99\x89\x89\x99\x98\x9d\xdc"
	"\xcc\xbc\xbb\xbb\xbc\xbc\xcc\xcc\xbb\xbb\xcc\xbb\xcb\x5b\x6a\x88"
	"\x98\x99\x9c\xc9\x99\x99\x99\x22\x22\x22\x22\x22\x22\x22\x22\x22"
	"\x22\x22\x22\x22\x22\x22\x22\x22\x22\x22\x22\x22\x22\x22\x22\x22"
	"\x22\x22\x28\x95\xbb\x5a\xaa\xaa\xac\x55\x55\x55\xba\xaa\xaa\xaa"
	"\xaa\xaa\xaa\xaa\xaa\xaa\xaa\xaa\xaa\xaa\xaa\xaa\xaa\xaa\xaa\xaa"
	"\xaa\xaa\x5a\xaa\xac\xe6\x66\x66\x66\x66\x66\x66\x66\x66\x66\x66"
	"\x66\x66\x66\x66\x66\x66\x66\x6e\x66\xee\xd8\x88\x88\x88\x88\x88"
	"\x88\x88\x88\x88\x88\x88\x88\x88\x88\x88\x88\x88\x89\x98\x88\x89"
	"\x88\x88\x22\x27\x77\x77\x44\x43\x34\x47\x77\x72\x28\x88\x88\x88"
	"\x88\x98\x88\x88\x89\x88\x88\x88\x88\x88\x88\x88\x88\x28\x88\x22"
	"\x9a\x55\xb5\x55\xb5\xb5\xcd\x98\x98\x89\x99\x99\x98\x89\xdc\xdc"
	"\xcb\xcb\xbb\xcb\xbb\xcc\xcc\xcc\xcb\xbb\xbc\xcc\xbb\xcc\xdc\x88"
	"\x89\x99\x9b\xc9\x99\x99\x98\x82\x22\x22\x22\x22\x22\x22\x22\x22"
	"\x22\x22\x22\x22\x22\x22\x22\x22\x22\x22\x22\x22\x22\x22\x22\x22"
	"\x28\x9a\x5b\x55\xaa\x5a\xaa\xab\x55\x55\x55\x55\x5a\xaa\xaa\xaa"
	"\xaa\xaa\xaa\xaa\xaa\xaa\xaa\xaa\xaa\xaa\xaa\xaa\xaa\xaa\xaa\xaa"
	"\xaa\xaa\xaa\xaa\xa5\xe6\xe6\x66\x66\x66\x66\x66\x66\x66\x66\x66"
	"\x66\x66\x66\x66\x66\x66\x66\x6e\x66\xee\xa2\x88\x98\x88\x88\x88"
	"\x88\x88\x88\x88\x88\x88\x88\x88\x88\x88\x89\x89\x88\x88\x98\x82"
	"\x27\x31\x11\x33\x33\x33\x31\x33\x34\x44\x74\x73\x11\x11\x47\x28"
	"\x88\x88\x88\x88\x88\x89\x88\x88\x88\x88\x88\x88\x88\x82\x88\x88"
	"\xaa\xaa\x55\xcb\xac\xbb\x69\x89\x89\x98\x98\x99\x88\xae\xcd\xbc"
	"\xbc\xbc\xbc\xbc\xbc\xbb\xcb\xbb\xcb\xcb\xbc\xcc\x5b\xcc\xc6\xa8"
	"\x89\x89\x95\xc9\x99\x99\x98\x82\x22\x22\x22\x22\x22\x22\x22\x22"
	"\x22\x22\x22\x22\x22\x22\x22\x22\x22\x22\x22\x22\x22\x22\x28\x89"
	"\x5b\x55\xaa\xaa\xaa\x5b\xd6\xfc\x55\x55\x55\xb5\x5a\xaa\xaa\xaa"
	"\xaa\xaa\xaa\xaa\xaa\xaa\xaa\xaa\xaa\xaa\xaa\xaa\xaa\xaa\xaa\xaa"
	"\xaa\xaa\xaa\xaa\xa5\xe6\x66\xe6\x66\x66\x66\x66\x66\x66\x66\x66"
	"\x66\x66\x66\x66\x66\x66\x66\x66\xee\x6e\x92\x98\x88\x88\x88\x88"
	"\x88\x88\x88\x88\x88\x88\x88\x88\x89\x88\x88\x88\x89\x82\x74\x43"
	"\x34\x74\x33\x13\x33\x34\x74\x44\x44\x44\x44\x41\x34\x44\x41\x13"
	"\x34\x28\x99\x88\x88\x88\x88\x88\x88\x88\x88\x88\x88\x88\x88\x88"
	"\x9a\xaa\xaa\xa5\xc5\xcd\xa8\x28\x88\x99\x98\x89\x8b\xdc\xdc\xcb"
	"\xcb\xbc\xbc\xbb\xbb\xcb\xbb\xbb\xbb\xbc\xcc\xcc\xcb\x5c\xdd\xd8"
	"\x88\x99\x9a\xba\x99\x99\x98\x82\x22\x22\x22\x22\x22\x22\x22\x22"
	"\x22\x22\x22\x22\x22\x22\x22\x22\x22\x22\x22\x22\x88\x8a\xa5\xbb"
	"\xa5\xaa\xa5\x5d\xd6\x6e\xe6\xd5\xa5\x55\x55\x55\x5a\xaa\xaa\xaa"
	"\xaa\xaa\xaa\xaa\xaa\xaa\xaa\xaa\xaa\xaa\xaa\xaa\xaa\xaa\xaa\xaa"
	"\xaa\xaa\xaa\xaa\xaa\x66\x6e\xe6\x66\x66\x66\x66\x66\x66\x66\x66"
	"\x66\x66\x66\x66\x66\x66\x66\x66\xe6\xec\x28\x98\x88\x88\x88\x88"
	"\x88\x88\x88\x88\x88\x88\x89\x88\x99\x88\x88\x92\x74\x13\x47\x44"
	"\x33\x13\x34\x43\x33\x31\x11\x33\x33\x33\x33\x34\x31\x13\x44\x43"
	"\x44\x31\x37\x29\x98\x88\x98\x88\x88\x88\x88\x88\x88\x88\x88\x29"
	"\xaa\xaa\xaa\xaa\xab\xda\x98\x99\x98\x98\x89\x88\xc6\xcc\xbb\xbb"
	"\xbc\xbc\xbb\xcb\xcb\xbb\xbb\xbb\xcc\xcc\xcd\xdd\xcc\xbc\xcc\x69"
	"\x88\x99\x8a\xba\x88\x99\x98\x22\x22\x22\x22\x22\x22\x22\x22\x22"
	"\x22\x22\x22\x22\x22\x22\x22\x22\x22\x28\x99\xaa\xac\xb5\xab\x5a"
	"\xa5\xd6\x6f\xee\x6d\x66\xdd\x65\xa5\x55\x5b\x55\xaa\xaa\xaa\xaa"
	"\xaa\xaa\xaa\xaa\xaa\xaa\xaa\xaa\xaa\xaa\xaa\xaa\xaa\xaa\xaa\xaa"
	"\xaa\xaa\x5a\xaa\xaa\xde\x6e\xe6\x66\x66\x66\x66\x66\x66\x66\x66"
	"\x66\x66\x66\x66\x66\x66\x66\x6e\x66\x09\x89\x88\x88\x88\x88\x88"
	"\x88\x88\x88\x88\x88\x88\x88\x89\x98\x89\x87\x31\x47\x74\x33\x33"
	"\x34\x44\x33\x14\x33\x33\x33\x34\x44\x44\x33\x33\x33\x34\x44\x43"
	"\x13\x34\x44\x37\x28\x98\x88\x88\x88\x88\x88\x88\x88\x88\x88\x89"
	"\xaa\xaa\xaa\xaa\xdd\xb2\x88\x98\x98\x99\x98\x8d\xdb\x5c\xcc\xbb"
	"\xcb\xcb\xbc\xbb\xbb\xbb\xbb\xbc\xcb\xcd\x66\xdd\xcc\xcb\xbc\xd5"
	"\x29\x99\x9a\x55\x89\x99\x9a\x88\x82\x22\x22\x22\x72\x22\x22\x22"
	"\x22\x72\x22\x22\x22\x88\x88\x99\xaa\x5b\xb5\x55\x5a\xa5\x5a\x55"
	"\x6f\x6d\x6e\x66\x6d\x6e\x6d\x65\xa5\x55\x55\x55\xaa\xaa\xaa\xaa"
	"\xaa\xaa\xaa\xaa\xaa\xaa\xaa\xaa\xaa\xaa\xaa\xaa\xaa\xaa\xaa\xaa"
	"\xaa\xaa\xaa\xaa\xaa\xce\xee\x66\xe6\x66\x66\x66\x66\x66\x66\x66"
	"\x66\x66\x66\x66\x66\x66\x66\x66\x6e\xf8\x88\x88\x88\x88\x88\x88"
	"\x88\x88\x88\x88\x88\x88\x88\x88\x88\x23\x11\x73\x33\x34\x44\x44"
	"\x33\x11\x34\x47\x44\x44\x44\x33\x33\x33\x33\x34\x44\x33\x33\x44"
	"\x74\x44\x44\x43\x14\x29\x98\x88\x88\x88\x88\x88\x88\x88\x88\x2a"
	"\x5a\xaa\xaa\xac\xd5\x88\x89\x99\x99\x89\x29\xec\xcc\xbc\xbc\xcc"
	"\xbc\xbb\xbb\xbb\xbc\xbb\xcb\xcb\xcd\x6d\xd6\x66\xdc\xcc\xbc\xbd"
	"\x98\x89\x99\xba\xb9\x9a\xc5\xcb\xb5\x55\x5a\xaa\xaa\xa9\xa9\x9a"
	"\x9a\xaa\xaa\xaa\x55\x5b\xbc\xb5\x55\xaa\xaa\xaa\xa5\x55\x55\xad"
	"\x6d\xe6\x66\xe6\x66\xdd\x66\xd5\x55\x55\x55\x55\xaa\xaa\xaa\xaa"
	"\xaa\xaa\xaa\xaa\xaa\xaa\xaa\xaa\xaa\xaa\xaa\xaa\xaa\xaa\xaa\xaa"
	"\xaa\xaa\xaa\xaa\xaa\xcf\xee\x66\x66\x66\x66\x66\x66\x66\x66\x66"
	"\x66\x66\x66\x66\x66\x66\x66\x66\xee\xc2\x88\x88\x88\x88\x88\x88"
	"\x88\x88\x88\x88\x88\x88\x88\x88\x73\x13\x44\x14\x43\x33\x34\x43"
	"\x33\x44\x33\x34\x44\x44\x33\x44\x43\x33\x33\x34\x44\x33\x33\x34"
	"\x44\x44\x33\x14\x73\x17\x89\x88\x88\x88\x88\x88\x88\x88\x88\x8a"
	"\xaa\xaa\xaa\x5d\xd8\x29\x88\x99\x99\x88\xaf\xbc\xcc\xbb\xcb\xcb"
	"\xcb\xbb\xbb\xbb\xbb\xcb\xcc\xbd\xdd\xd6\x6d\x66\x6c\xbc\xcb\xbd"
	"\xa8\x89\x98\x55\xa5\x5b\xa5\x55\xa5\xa5\xa5\x55\x55\x55\x55\x55"
	"\x55\xb5\x55\x55\xa5\xa5\xa5\x5a\x5a\x5b\xbb\x5c\xc5\xaa\x98\x2a"
	"\x06\xdd\x66\x66\xd6\x66\xd6\xd5\x55\x55\x55\x55\xaa\x5a\xaa\x5a"
	"\xaa\xaa\xaa\xaa\xaa\xaa\xaa\xaa\xaa\xaa\xaa\xaa\xaa\xaa\xaa\xaa"
	"\xaa\xaa\xaa\xaa\xaa\x5f\xe6\xde\x6e\x6e\x66\x66\x66\x66\x66\x66"
	"\x66\x66\x66\x66\x66\x66\x66\x66\x6f\xa8\x88\x88\x88\x88\x88\x88"
	"\x88\x88\x88\x88\x88\x88\x92\x44\x33\x44\x34\x47\x47\x44\x47\x37"
	"\x31\x33\x44\x37\x77\x74\x44\x44\x47\x44\x47\x44\x44\x44\x44\x44"
	"\x44\x44\x44\x44\x34\x71\x17\x88\x89\x89\x28\x88\x88\x89\x88\x85"
	"\xaa\xaa\xa5\xdc\x98\x99\x98\x98\x98\x2b\xec\xbb\xbc\xcb\xcc\xcc"
	"\xbb\xbb\xcc\xbb\xcc\xcd\xdd\x6d\x6d\x66\x66\x6d\x6d\xcd\xbb\xcc"
	"\xd8\x88\x89\xaa\xaa\xaa\xa5\xaa\xa5\xa5\x5a\xaa\xaa\x5a\x55\x5a"
	"\x5a\xaa\x55\x55\x55\x55\x55\x55\xaa\xa9\x99\x82\x77\x77\x74\x44"
	"\x5d\x6d\x66\xd6\x6d\x6d\x66\xc5\x55\x55\x55\x5a\xaa\xaa\xaa\xaa"
	"\xaa\xaa\xaa\xaa\xaa\xaa\xaa\xaa\xaa\xaa\xaa\xaa\xaa\xaa\xaa\xaa"
	"\xaa\xaa\xaa\xaa\xaa\x5e\xe6\x66\x66\x66\x66\x66\x66\x66\x66\x66"
	"\x66\x66\x66\x66\x66\x66\x66\x6e\x6d\x98\x88\x88\x88\x88\x88\x88"
	"\x88\x88\x88\x89\x88\x98\x41\x74\x74\x31\x47\x33\x44\x43\x13\x47"
	"\x44\x44\x44\x34\x44\x31\x37\x77\x33\x47\x74\x44\x44\x44\x44\x44"
	"\x44\x44\x44\x44\x43\x44\x31\x32\x98\x88\x98\x88\x88\x88\x98\x9a"
	"\xaa\xaa\xac\x69\x88\x98\x89\x98\x88\xc6\xcc\x5b\xbb\xbb\xbc\xcb"
	"\xbb\xbb\xbb\xbb\xcc\xdd\xd6\x6d\x66\x6d\x6d\x66\xd6\xcc\xcc\xbc"
	"\x69\x89\x98\xaa\xaa\xa5\x55\x55\x55\xbc\xcc\xbb\x5b\xbb\x55\x5a"
	"\xaa\xaa\xa9\xa8\x99\x98\x82\x27\x27\x77\x77\x74\x44\x34\x44\x31"
	"\x90\x6d\x66\xd6\xd6\x6d\x66\xc5\x55\x55\x55\x55\xaa\xa5\xa5\xaa"
	"\xaa\xaa\xaa\xaa\xaa\xaa\xaa\xaa\xaa\xaa\xaa\xaa\xaa\xaa\xaa\xaa"
	"\xaa\xaa\xaa\xaa\xaa\xaf\xe6\x66\x6e\x6e\x6e\x66\x66\x66\x66\x66"
	"\x66\x66\x66\x66\x66\x66\x66\x6e\xf5\x28\x88\x88\x88\x88\x88\x88"
	"\x88\x88\x88\x88\x98\x71\x77\x14\x33\x34\x34\x77\x74\x34\x43\x47"
	"\x77\x77\x77\x77\x74\x77\x74\x31\x47\x43\x34\x77\x44\x44\x44\x44"
	"\x44\x44\x44\x44\x43\x47\x74\x13\x79\x88\x29\x88\x88\x88\x89\x9a"
	"\xaa\xaa\x56\x98\x98\x98\x98\x82\x96\xd5\xbc\x5c\xbb\xbb\xbb\xbc"
	"\xcc\xbc\xcd\xd6\x66\x66\x66\xd6\xdd\x66\x66\xd6\xd6\xdb\xdc\xbc"
	"\xd5\x88\x92\xae\xa5\x5a\x59\xa9\x98\x82\x22\x77\x27\x77\x77\x77"
	"\x77\x77\x77\x77\x44\x74\x47\x74\x47\x44\x44\x74\x77\x74\x44\x42"
	"\x15\x66\xdd\x66\x66\x6d\x66\xc5\x55\x55\x55\x5a\xaa\xaa\xaa\x5a"
	"\xaa\xaa\xaa\xaa\xaa\xaa\xaa\xaa\xaa\xaa\xaa\xaa\xaa\xaa\xaa\xaa"
	"\xaa\xaa\xaa\xaa\xaa\xae\x66\x66\x66\x66\x66\x66\x66\x66\x66\x66"
	"\x66\x66\x66\x66\x66\x66\x66\x66\xfa\x28\x88\x88\x88\x88\x88\x88"
	"\x88\x98\x89\x89\x27\x43\x11\x31\x33\x34\x13\x73\x47\x37\x72\x28"
	"\x88\x98\x88\x89\x98\x27\x44\x77\x43\x37\x77\x44\x47\x44\x44\x44"
	"\x44\x44\x44\x47\x44\x44\x34\x43\x77\x98\x98\x88\x88\x98\x88\x95"
	"\xaa\xab\xf9\x89\x99\x99\x82\x89\xdc\xdc\xcb\xcc\xcc\xbb\xbb\xcb"
	"\xbb\xcc\xd6\x6e\xe6\x66\x66\x6d\x66\x66\x66\x6d\x6d\x6c\xbc\xcc"
	"\xcd\x99\x88\x8f\xd7\x27\x27\x74\x77\x77\x77\x77\x77\x44\x47\x77"
	"\x77\x77\x77\x74\x77\x77\x77\x77\x47\x77\x74\x33\x47\x74\x33\x41"
	"\x42\x06\x66\xd6\x66\x66\xd6\xc5\x55\x55\x55\xba\xaa\x5a\xaa\xaa"
	"\xaa\xaa\xaa\xaa\xaa\xaa\xaa\xaa\xaa\xaa\x5a\x5a\x5a\x5a\xaa\xaa"
	"\xaa\xaa\xaa\xaa\x5a\xa6\x6e\x66\xe6\xe6\xe6\xe6\x66\x66\x66\x66"
	"\x66\x66\x66\x66\x66\x66\x66\x66\xf9\x88\x88\x88\x88\x88\x88\x88"
	"\x98\x88\x98\x87\x43\x33\x44\x31\x74\x33\x73\x34\x77\x28\x88\x88"
	"\x88\x88\x88\x88\x28\x89\x98\x27\x34\x44\x33\x74\x74\x44\x44\x44"
	"\x44\x44\x44\x44\x44\x43\x11\x37\x41\x79\x98\x88\x88\x88\x88\xaa"
	"\xaa\xc6\x98\x98\x99\x82\x88\xa6\xcc\x5b\xcc\xcc\xcc\xcc\xbc\xcc"
	"\xdd\x66\x66\xee\xee\xee\x66\x66\x66\x66\x66\x6d\x66\xd6\xbc\xcc"
	"\xcd\xa2\x99\x8d\x03\x72\x74\x74\x44\x44\x44\x43\x33\x34\x33\x33"
	"\x33\x34\x43\x37\x74\x31\x34\x44\x77\x74\x44\x43\x34\x44\x44\x47"
	"\x33\x9f\xf6\x66\xd6\x6d\x66\xc5\x55\x55\x55\x5a\xaa\xaa\xaa\xaa"
	"\x5a\xa5\xaa\xaa\x5a\xaa\xaa\x5a\xaa\xaa\xaa\xaa\xaa\xaa\xa5\xaa"
	"\x5a\xaa\xaa\xaa\xaa\xad\xee\x66\x66\x66\x66\x66\x66\x66\x66\x66"
	"\x66\x66\x66\x66\x66\x66\x66\x6e\xd2\x98\x88\x88\x88\x88\x88\x89"
	"\x28\x98\x88\x43\x34\x44\x43\x34\x47\x44\x44\x77\x28\x99\x88\x88"
	"\x88\x28\x88\x88\x88\x82\x88\x92\x27\x34\x77\x34\x44\x44\x44\x44"
	"\x44\x44\x44\x43\x34\x44\x44\x74\x34\x17\x98\x88\x88\x88\x88\xa5"
	"\xa5\x6a\x88\x89\x88\x89\x85\xdc\xcb\xcc\xdb\xcc\xcc\xcb\xbc\xdd"
	"\x66\xee\x66\x6e\xee\xee\xe6\x66\x66\x66\x66\x66\x6e\x66\xdb\xcc"
	"\xcc\xd8\x89\x2c\xf7\x44\x77\x74\x33\x34\x44\x43\x33\x33\x33\x34"
	"\x44\x44\x44\x71\x47\x77\x44\x37\x77\x74\x44\x74\x43\x34\x74\x74"
	"\x37\x20\xde\x66\x66\xd6\xd6\xc5\x55\x55\x55\x5a\xaa\xaa\xaa\xaa"
	"\xaa\xaa\xaa\x5a\xaa\xa5\xaa\xaa\xaa\xa5\xaa\xaa\xaa\xaa\xaa\xaa"
	"\xaa\xaa\xaa\xaa\xaa\xac\xee\x6e\x6e\x6e\x6e\x66\x66\x66\x66\x66"
	"\x66\x66\x66\x66\x66\x66\x66\x6f\xa2\x88\x88\x88\x88\x88\x88\x88"
	"\x98\x89\x23\x31\x33\x31\x44\x44\x11\x44\x47\x29\x88\x22\x88\x88"
	"\x88\x88\x82\x88\x88\x28\x88\x88\x98\x27\x44\x74\x74\x44\x44\x44"
	"\x44\x44\x43\x33\x33\x33\x44\x47\x34\x33\x89\x88\x88\x88\x2a\xa9"
	"\xbe\x58\x89\x98\x88\x82\x5e\xdc\xcc\xcc\xbd\xcc\xcc\xcd\xd6\xee"
	"\xe6\x6e\xee\x6e\x66\x66\xe6\x66\x6e\xee\xe6\x6e\xee\xf6\xfc\xcc"
	"\xcc\xd9\x28\x89\x08\x37\x77\x33\x33\x33\x33\x37\x44\x44\x44\x44"
	"\x44\x44\x33\x47\x74\x33\x34\x44\x44\x43\x33\x33\x33\x34\x47\x44"
	"\x73\x1a\xf6\x66\xd6\x6d\x66\xc5\x55\x55\x5b\x5a\xaa\xaa\xaa\xaa"
	"\xaa\x5a\xaa\xaa\xaa\xaa\xaa\xaa\xaa\xaa\xa5\xa5\xa5\xa5\xaa\xa5"
	"\xaa\xaa\xaa\xaa\xaa\xa5\xe6\x66\x66\x66\x66\x66\x66\x66\x66\x66"
	"\x66\x66\x66\x66\x66\x66\x66\x6f\x98\x88\x88\x88\x88\x88\x88\x88"
	"\x88\x82\x74\x44\x44\x74\x33\x33\x44\x47\x28\x88\x28\x88\x28\x88"
	"\x88\x88\x88\x28\x88\x88\x88\x88\x88\x82\x73\x74\x44\x44\x44\x44"
	"\x44\x44\x43\x34\x33\x44\x33\x33\x74\x44\x39\x88\x88\x88\x2a\x99"
	"\xd5\x28\x98\x99\x98\x8d\x6c\xdb\xcc\xcb\xcd\xcc\xcd\xd6\xef\xe6"
	"\x66\xee\xee\x6e\xee\xee\x6e\xe6\x6e\xee\xe6\x6e\x6e\xee\xef\xcc"
	"\xcc\xd5\x88\x99\xf9\x37\x43\x74\x44\x44\x44\x44\x44\x44\x44\x44"
	"\x47\x44\x44\x47\x77\x77\x22\x82\x27\x77\x77\x43\x44\x44\x44\x33"
	"\x47\x32\x0d\x66\x66\x66\x6e\xc5\x55\x55\x55\xba\xa5\xaa\xaa\xaa"
	"\xaa\xaa\x5a\xa5\xa5\xaa\xa5\xaa\xaa\xaa\xaa\xaa\xaa\xaa\xa5\xaa"
	"\xaa\xaa\x5a\xaa\xaa\xa5\xe6\xe6\x66\x66\x66\x66\x66\x66\x66\x66"
	"\x66\x66\x66\x66\x66\x66\x66\xed\x88\x88\x88\x88\x88\x98\x89\x88"
	"\x99\x23\x44\x44\x17\x17\x73\x44\x77\x78\x98\x88\x88\x88\x88\x28"
	"\x88\x28\x88\x88\x88\x28\x88\x88\x88\x88\x82\x47\x37\x43\x41\x44"
	"\x44\x44\x44\x44\x44\x44\x44\x43\x44\x44\x32\x98\x88\x88\x88\x8d"
	"\xd8\x88\x99\x99\x89\xdc\xcc\xcc\xbb\xbc\xbc\xc6\x6e\xee\xee\xee"
	"\xe6\x66\x6e\xe6\xee\xee\xee\xef\xee\xee\xee\xee\x6e\xe6\xee\x6d"
	"\xcd\xcd\x82\x88\x6a\x14\x13\x34\x44\x44\x44\x43\x34\x43\x33\x33"
	"\x74\x47\x47\x72\x28\x99\x89\x99\x88\x99\x82\x27\x33\x34\x33\x44"
	"\x44\x11\xae\x66\x66\x66\xde\xc5\xb5\x55\x55\xaa\xaa\xaa\xaa\xa5"
	"\xaa\xaa\xaa\xaa\xaa\xaa\xaa\xaa\xaa\xaa\xaa\xaa\xaa\xaa\xaa\xaa"
	"\xaa\xaa\xaa\xa5\xaa\xa5\x66\xe6\x66\x66\x66\x66\x66\x66\x66\x66"
	"\x66\x66\x66\x66\x66\x66\x66\xf5\x28\x88\x88\x88\x88\x88\x88\x88"
	"\x82\x17\x33\x43\x41\x74\x34\x77\x42\x98\x28\x88\x88\x88\x88\x88"
	"\x28\x88\x88\x88\x88\x88\x28\x82\x88\x88\x98\x77\x74\x44\x33\x14"
	"\x44\x44\x44\x44\x44\x44\x44\x44\x44\x47\x37\x88\x98\x88\x88\xa6"
	"\x88\x99\x98\x88\x96\xbc\xcc\xcc\xcb\xbb\xd6\xe6\xee\xee\xee\xee"
	"\xe6\x66\x6e\xee\xe6\xee\xfe\xee\xee\xe6\x66\x66\xe6\xef\xee\xff"
	"\x6c\xcd\xb2\x82\xd5\x34\x71\x74\x44\x44\x44\x43\x34\x43\x33\x37"
	"\x31\x74\x72\x88\x88\x88\x88\x98\x88\x88\x88\x88\x24\x73\x37\x74"
	"\x33\x41\x80\xd6\x66\xd6\xde\xcb\x55\x55\x55\x5a\xaa\xaa\xaa\xaa"
	"\xaa\xaa\xaa\xaa\xaa\xaa\xaa\xaa\xaa\xaa\xaa\xaa\xaa\xaa\xaa\xaa"
	"\xaa\x5a\xaa\xaa\xaa\xaa\xde\xe6\x66\x66\x66\x66\x66\x66\x66\x66"
	"\x66\x66\x66\x66\x66\x66\xe6\xfa\x88\x88\x88\x88\x88\x88\x88\x88"
	"\x81\x71\x44\x31\x37\x47\x47\x47\x99\x88\x88\x28\x88\x88\x82\x88"
	"\x88\x88\x28\x88\x28\x88\x88\x82\x88\x28\x88\x87\x73\x47\x37\x34"
	"\x44\x44\x44\x44\x44\x44\x44\x44\x44\x37\x43\x28\x88\x89\x8a\xf9"
	"\x89\x28\x98\x2a\xec\xdc\xcc\xcc\xcd\x6e\xee\x6e\xef\xee\xfe\xee"
	"\xee\xee\xee\xee\xee\xfe\xee\xee\xe6\x6e\xee\xee\xff\xee\xff\xef"
	"\xf6\xdc\xe2\x88\xad\x74\x43\x74\x44\x44\x44\x44\x44\x43\x33\x34"
	"\x34\x77\x89\x89\x88\x88\x88\x88\x88\x88\x88\x88\x99\x77\x44\x44"
	"\x31\x43\x3e\xe6\x66\xd6\x6e\xc5\x55\x55\x5b\xaa\xaa\xaa\xaa\xaa"
	"\xaa\xaa\xaa\xaa\xaa\xaa\xaa\x5a\xaa\xaa\xaa\xaa\xaa\xa5\xaa\x5a"
	"\xaa\xaa\x5a\xaa\xa5\xaa\xde\x66\x66\x66\x66\x66\x66\x66\x66\x66"
	"\x66\x66\x66\x66\x66\x6e\x66\x08\x88\x98\x88\x88\x88\x89\x88\x98"
	"\x37\x14\x74\x33\x47\x44\x73\x78\x88\x88\x82\x88\x28\x88\x88\x88"
	"\x88\x88\x88\x28\x88\x88\x88\x28\x88\x29\x28\x92\x74\x74\x44\x34"
	"\x44\x44\x44\x44\x44\x44\x44\x44\x34\x37\x41\x78\x98\x92\x9f\x92"
	"\x89\x99\x82\xae\xcc\xdc\xbb\xdd\x66\x66\xee\xfe\xee\xfe\xee\xee"
	"\xee\xee\xee\xe6\x66\xee\xee\xfe\xee\xff\xff\xfe\xee\xee\xff\xee"
	"\x6e\xef\xfa\x28\x96\x23\x14\x34\x44\x44\x44\x44\x44\x43\x33\x34"
	"\x37\x79\x89\x88\x88\x88\x88\x88\x88\x88\x88\x88\x88\x98\x44\x44"
	"\x73\x34\x1a\xfd\x6d\x6d\x66\xc5\x55\x55\x55\xaa\xaa\xaa\xaa\xaa"
	"\x5a\x5a\x5a\x5a\xaa\xaa\xaa\xaa\xaa\xaa\xaa\x5a\xaa\xaa\xa5\xaa"
	"\xa5\xaa\xaa\xaa\xaa\xaa\xce\x66\x66\x66\x66\x66\x66\x66\x66\x66"
	"\x66\x66\x66\x66\xe6\x6e\x6e\x62\x88\x88\x88\x88\x88\x88\x89\x84"
	"\x41\x44\x41\x37\x34\x44\x47\x99\x88\x98\x28\x88\x88\x88\x88\x28"
	"\x88\x88\x88\x88\x88\x28\x88\x88\x28\x88\x88\x88\x27\x41\x73\x34"
	"\x44\x44\x44\x44\x44\x44\x44\x44\x33\x33\x34\x39\x89\x29\xf9\x29"
	"\x98\x88\x2d\x6b\xcc\xcd\x66\x66\xee\xff\xee\x6e\xee\xee\xee\xe6"
	"\xee\xee\xee\xee\xee\x66\xee\xef\xff\xfd\xcc\xc6\xff\xff\xee\xff"
	"\xf6\xd6\x60\x82\x90\x73\x34\x44\x44\x44\x44\x44\x44\x43\x33\x37"
	"\x47\x92\x82\x88\x88\x88\x88\x88\x88\x82\x88\x88\x88\x88\x92\x33"
	"\x44\x14\x47\xe6\x66\x66\x66\xc5\x55\x55\x55\xaa\xaa\xaa\xaa\xaa"
	"\xaa\xaa\xaa\xaa\x5a\xaa\xa5\xaa\xaa\xaa\xaa\xaa\xa5\xaa\xaa\xaa"
	"\xaa\xa5\xaa\xa5\xaa\x5a\xbf\x66\x66\x66\x66\x66\x66\x66\x66\x66"
	"\x66\x66\x66\x66\xe6\x6e\xdf\x52\x98\x98\x88\x88\x88\x88\x89\x21"
	"\x43\x14\x43\x34\x37\x47\x78\x98\x88\x28\x82\x88\x88\x88\x88\x88"
	"\x28\x88\x88\x88\x88\x88\x28\x82\x88\x88\x88\x89\x84\x33\x44\x44"
	"\x44\x44\x44\x44\x44\x44\x44\x44\x31\x43\x17\x19\x98\x86\x52\x89"
	"\x89\x88\xc6\x5c\xbd\xd6\x6e\xee\xee\xe6\xee\xee\xee\xee\xee\xee"
	"\xee\xee\xee\x6e\xee\xef\xff\x0e\xb9\x98\x82\x28\x85\xe0\xfe\x66"
	"\xe6\xee\xdf\xd2\x80\x83\x43\x74\x44\x44\x44\x44\x44\x43\x33\x33"
	"\x28\x28\x88\x88\x88\x88\x28\x88\x88\x88\x88\x88\x28\x29\x89\x24"
	"\x47\x44\x73\xce\x66\x6d\x66\xc5\x55\x55\xb5\xaa\xaa\xaa\xaa\xa5"
	"\xaa\xaa\xaa\xaa\xaa\xaa\xaa\xaa\xaa\xaa\xa5\xaa\xaa\xaa\x5a\x5a"
	"\xa5\xaa\x5a\xaa\xaa\xaa\x5f\x66\x66\x66\x66\x66\x66\x66\x66\x66"
	"\x66\x66\x66\x66\x66\x66\x6f\x98\x88\x88\x88\x88\x88\x88\x88\x44"
	"\x73\x44\x37\x11\x74\x74\x29\x82\x88\x82\x88\x28\x88\x88\x82\x88"
	"\x88\x82\x88\x88\x28\x88\x88\x88\x82\x28\x88\x88\x92\x74\x37\x44"
	"\x44\x44\x44\x44\x44\x44\x44\x43\x33\x34\x34\x38\x98\xca\x29\x88"
	"\x92\x8f\xed\x6d\xf6\x6f\xfe\xee\xee\xee\xee\xee\xee\xee\xee\xee"
	"\xee\xee\xee\xff\xff\xfd\x5a\x92\x28\x99\x88\x99\x88\x89\xd0\xff"
	"\xf6\x66\xe6\x09\x2f\xa1\x14\x74\x44\x44\x44\x44\x44\x33\x33\x37"
	"\x28\x88\x88\x88\x88\x88\x88\x82\x82\x88\x88\x88\x88\x88\x88\x92"
	"\x74\x43\x14\x9f\xd6\x66\x66\xc5\x55\x55\xb5\xaa\xaa\xaa\xaa\xaa"
	"\xaa\x5a\xa5\xa5\xaa\x5a\xaa\x5a\xaa\xaa\xaa\xa5\xaa\xaa\xaa\xaa"
	"\xaa\xaa\xaa\xa5\xaa\x5a\x5f\x66\x66\x66\x66\x66\x66\x66\x66\x66"
	"\x66\x66\x66\x6e\xd6\x66\x66\x98\x88\x88\x98\x88\x88\x88\x97\x17"
	"\x34\x33\x41\x77\x37\x42\x88\x88\x82\x88\x88\x88\x28\x88\x88\x88"
	"\x88\x88\x88\x28\x88\x88\x88\x88\x28\x82\x88\x28\x88\x74\x31\x34"
	"\x44\x44\x44\x44\x44\x44\x44\x43\x34\x17\x41\x72\x2c\x62\x88\x88"
	"\x89\xef\xff\xe6\x6e\x6e\xfe\xe6\xee\xee\xee\xee\xee\xee\xee\xee"
	"\xee\xee\xff\x0e\xca\x98\x88\x88\x88\x88\x99\x98\x98\x22\x29\xef"
	"\xe6\xe6\xde\x6f\x50\xc3\x37\x44\x44\x44\x44\x44\x44\x33\x33\x37"
	"\x99\x88\x88\x88\x88\x88\x82\x88\x88\x82\x88\x88\x88\x88\x88\x29"
	"\x24\x44\x11\x80\xd6\xd6\x6e\xc5\x55\x55\xb5\xaa\xaa\xaa\xa5\xaa"
	"\xaa\xaa\xaa\xaa\xaa\xaa\xaa\xaa\xaa\xaa\xaa\xaa\xa5\xaa\xaa\x5a"
	"\xa5\xa5\xaa\xaa\xa5\xa5\xae\x66\x66\x66\x66\x66\x66\x66\x66\x66"
	"\x66\x66\x66\x66\x66\x66\xec\x88\x88\x88\x88\x88\x88\x89\x21\x44"
	"\x44\x44\x33\x37\x73\x48\x88\x28\x88\x88\x82\x88\x88\x88\x88\x28"
	"\x82\x88\x88\x88\x88\x28\x88\x82\x88\x88\x88\x88\x88\x77\x33\x34"
	"\x44\x44\x44\x44\x44\x44\x33\x33\x47\x37\x17\x12\xcd\x88\x88\x82"
	"\xa0\xfe\xfe\xee\xe6\x6e\xee\xef\xfe\xfe\x66\xf6\xee\x6e\xee\xe6"
	"\xff\xf6\xca\x98\x88\x89\x98\x99\x99\x99\x99\x98\x98\x99\x98\x8a"
	"\xef\xe6\x6e\x6f\xfe\x03\x71\x74\x44\x44\x44\x44\x44\x44\x33\x48"
	"\x88\x88\x88\x88\x88\x88\x88\x88\x28\x88\x88\x88\x88\x88\x88\x82"
	"\x97\x77\x33\x1e\x66\xd6\x66\xc5\x55\x55\x55\xaa\x5a\xaa\xaa\xaa"
	"\x5a\xa5\xaa\xaa\xaa\xaa\xa5\xaa\xaa\xaa\xa5\xaa\xaa\xa5\xa5\xaa"
	"\xaa\xaa\xaa\xa5\xa5\xaa\xae\x66\x66\x66\x66\x66\x66\x66\x66\x66"
	"\x66\x66\x66\x66\x66\x66\xf5\x88\x88\x88\x88\x88\x88\x88\x71\x44"
	"\x44\x44\x33\x34\x44\x28\x88\x28\x28\x82\x88\x88\x88\x88\x28\x88"
	"\x88\x88\x28\x88\x88\x88\x28\x88\x88\x28\x88\x88\x88\x24\x33\x34"
	"\x44\x44\x44\x44\x44\x44\x33\x31\x44\x74\x43\x3a\xe8\x92\x88\x2b"
	"\x0e\xef\xfe\xfe\xe6\xee\xe6\xee\xef\xef\xf6\xde\xee\xef\xf0\x00"
	"\x65\xa8\x28\x88\x88\x89\x89\x89\x99\x89\x89\x89\x88\x89\x88\x88"
	"\x8d\x06\xed\xe6\xff\x08\x17\x34\x44\x44\x44\x44\x43\x44\x31\x48"
	"\x88\x88\x88\x88\x88\x82\x88\x82\x88\x88\x28\x88\x88\x88\x82\x88"
	"\x29\x74\x71\x1b\xf6\x66\x66\xc5\x55\x55\x55\xaa\xaa\xaa\x5a\x5a"
	"\xaa\xaa\xaa\x5a\x5a\x5a\xaa\x5a\xaa\xaa\xaa\xaa\x5a\xaa\xaa\xaa"
	"\xa5\xaa\xaa\xaa\xaa\xaa\xad\x66\x66\x66\x66\x66\x66\x66\x66\x66"
	"\x66\x66\x66\x66\x66\x66\x09\x88\x88\x88\x88\x88\x88\x82\x34\x44"
	"\x44\x44\x33\x31\x37\x28\x88\x88\x88\x88\x88\x88\x88\x88\x88\x82"
	"\x88\x88\x88\x88\x28\x88\x88\x88\x82\x88\x88\x88\x88\x24\x43\x34"
	"\x44\x44\x44\x44\x44\x44\x33\x34\x17\x13\x74\x9e\x98\x29\x88\xd0"
	"\xee\x0e\xef\xe6\xe6\x66\xe6\x6f\xee\xee\x6e\xe6\xef\xff\x6b\xa8"
	"\x88\x89\x99\x99\x99\x99\x99\x99\x99\x99\x99\x99\x99\x98\x99\x99"
	"\x88\x9f\xf6\x6d\xfe\x0a\x41\x14\x44\x44\x44\x44\x43\x34\x33\x49"
	"\x88\x88\x88\x88\x88\x88\x82\x88\x88\x28\x82\x88\x88\x88\x88\x82"
	"\x99\x27\x73\x49\x0d\x66\x6e\xc5\x55\xb5\x5a\xaa\xaa\x5a\xaa\xa5"
	"\xa5\xaa\xaa\xaa\xaa\xaa\x5a\xaa\xaa\xaa\xaa\xaa\xaa\x5a\x5a\xa5"
	"\xaa\x5a\x5a\xaa\xa5\xaa\xad\x66\x66\x66\x66\x66\x66\x66\x66\x66"
	"\x66\x66\x66\x66\x66\x66\x09\x88\x88\x88\x88\x89\x88\x87\x33\x74"
	"\x44\x44\x33\x33\x32\x88\x88\x88\x82\x88\x28\x82\x88\x28\x82\x88"
	"\x88\x88\x88\x28\x88\x88\x88\x82\x88\x88\x88\x88\x88\x87\x43\x34"
	"\x44\x44\x44\x44\x44\x44\x33\x33\x71\x47\x37\xda\x88\x92\x9f\xff"
	"\x60\xee\xfe\xe6\xee\xe6\x66\x6e\xee\xe6\x6e\xff\x06\xa9\x98\x29"
	"\x99\x89\x89\x99\x89\x89\x98\x99\x99\x99\x99\x99\x99\x99\x99\x99"
	"\x98\x29\xdf\x6e\xde\xe6\x71\x43\x34\x44\x44\x44\x43\x34\x13\x79"
	"\x88\x88\x88\x88\x88\x82\x88\x28\x28\x88\x88\x88\x88\x88\x88\x88"
	"\x89\x97\x77\x32\x06\xe6\x66\xc5\x55\x55\x55\xa5\xaa\xaa\xa5\xaa"
	"\xaa\x5a\x5a\xaa\xaa\xaa\xaa\x5a\xaa\xaa\x5a\xa5\xaa\xaa\xaa\x5a"
	"\xaa\xaa\xaa\xa5\xa5\xaa\xac\xe6\x66\x66\x66\x66\x66\x66\x66\x66"
	"\x66\x66\x66\x66\x6e\x6e\xe2\x88\x88\x88\x88\x88\x88\x83\x41\x44"
	"\x44\x43\x34\x44\x72\x88\x88\x88\x88\x88\x88\x88\x88\x88\x88\x88"
	"\x88\x28\x88\x88\x88\x28\x82\x88\x88\x28\x88\x88\x88\x84\x43\x44"
	"\x44\x44\x44\x44\x44\x44\x33\x33\x34\x33\x3a\xa2\x82\x8a\x0e\xfd"
	"\xfe\xef\xfe\xe6\x66\xee\xef\xf6\x6e\xef\xfd\x5a\x82\x89\x88\x98"
	"\x88\x99\x98\x89\x99\x99\x89\x99\x99\x99\x99\x99\x99\x99\x89\x99"
	"\x99\x88\x25\xef\xff\x60\xa1\x13\x34\x44\x34\x44\x43\x34\x33\x49"
	"\x88\x88\x88\x88\x88\x28\x88\x88\x88\x28\x28\x82\x88\x88\x88\x82"
	"\x88\x88\x77\x34\xd6\x66\xee\xd5\x55\xb5\x5a\xaa\xaa\xa5\xaa\xa5"
	"\xaa\xaa\xaa\x5a\xa5\xaa\xa5\xa5\xaa\xaa\xaa\xaa\xa5\xa5\xa5\xaa"
	"\xa5\xa5\xaa\xaa\xaa\xaa\xab\xe6\x66\x66\x66\x66\x66\x66\x66\x66"
	"\x66\x66\x66\x66\x66\x6f\xc2\x88\x88\x88\x88\x88\x89\x71\x43\x44"
	"\x44\x43\x34\x44\x48\x88\x88\x88\x28\x88\x88\x88\x88\x88\x88\x82"
	"\x88\x88\x88\x88\x88\x88\x88\x88\x82\x88\x88\x88\x88\x24\x43\x44"
	"\x44\x44\x44\x44\x44\x44\x33\x34\x43\x44\x2d\x22\x29\x50\xfe\xee"
	"\x66\xfe\xef\x6e\x66\x66\xef\xef\xff\x6a\x88\x82\x88\x98\x99\x98"
	"\x99\x98\x89\x99\x99\x99\x99\x99\x99\x99\x99\x99\x99\x99\x99\x99"
	"\x89\x98\x92\x9f\xe6\xef\x07\x43\x34\x33\x34\x44\x33\x34\x33\x79"
	"\x88\x88\x88\x88\x28\x88\x82\x88\x28\x88\x88\x88\x88\x82\x88\x88"
	"\x82\x88\x77\x37\xaf\x6d\x6d\xd5\x55\x55\x5a\xaa\xa5\xaa\xa5\x5a"
	"\xa5\xa5\xa5\xaa\x5a\xa5\xaa\xaa\x5a\x5a\xa5\xa5\xaa\xaa\xaa\xa5"
	"\xaa\xaa\xaa\xaa\x5a\x55\xa5\x66\x66\x66\x66\x66\x66\x66\x66\x66"
	"\x66\x66\x66\x66\x66\x6f\xa8\x88\x88\x88\x88\x88\x88\x43\x34\x44"
	"\x44\x43\x34\x43\x78\x88\x88\x88\x88\x28\x88\x28\x28\x88\x28\x88"
	"\x88\x88\x82\x88\x28\x88\x88\x88\x88\x88\x88\x88\x28\x24\x43\x44"
	"\x44\x44\x44\x44\x44\x44\x33\x34\x37\x73\xa8\x82\x9f\x06\xd6\xfe"
	"\xef\x6e\xfe\x6e\xfe\xff\xff\xeb\xa2\x28\x99\x98\x88\x99\x99\x99"
	"\x89\x99\x99\x99\x99\x99\x99\x99\x99\x99\x99\x99\x99\x99\x99\x99"
	"\x99\x99\x99\x92\x5f\xfe\x0a\x13\x33\x33\x34\x43\x33\x44\x33\x79"
	"\x88\x88\x88\x88\x88\x88\x88\x88\x88\x88\x88\x28\x28\x88\x82\x88"
	"\x88\x28\x93\x73\xaf\x66\x66\xd5\x5b\x5b\x5a\xaa\xaa\xa5\xaa\xa5"
	"\xaa\xaa\xaa\xaa\xaa\xaa\xa5\xaa\xaa\xaa\xaa\xaa\xa5\xa5\xa5\xaa"
	"\x5a\x5a\x5a\xaa\xaa\xaa\xa5\x66\x66\x66\x66\x66\x66\x66\x66\x66"
	"\x66\x66\x66\x66\x66\x60\x98\x88\x88\x88\x88\x88\x92\x17\x34\x34"
	"\x44\x43\x34\x43\x79\x82\x88\x88\x28\x88\x28\x88\x88\x28\x88\x88"
	"\x82\x88\x88\x88\x88\x88\x28\x88\x88\x88\x88\x88\x88\x27\x44\x74"
	"\x44\x44\x44\x44\x44\x44\x33\x33\x77\x37\x97\x2a\xfe\xd6\xf6\x6e"
	"\x6e\xff\xe6\xff\xf0\xfd\xa9\x92\x88\x98\x99\x89\x99\x89\x99\x99"
	"\x98\x89\x99\x99\x99\x99\x99\x99\x99\x99\x99\x99\x99\x99\x99\x99"
	"\x99\x99\x99\x98\x89\x6f\x60\x23\x33\x33\x34\x43\x33\x44\x43\x79"
	"\x88\x88\x88\x88\x82\x82\x88\x88\x82\x82\x88\x88\x82\x88\x88\x82"
	"\x88\x88\x97\x31\x90\x66\x6d\xd5\x55\xb5\xba\xa5\xaa\xaa\xa5\xaa"
	"\x5a\x5a\x5a\x5a\x5a\x5a\x5a\x5a\xa5\xa5\xaa\x5a\x5a\xaa\xaa\x5a"
	"\xaa\xaa\xaa\xaa\x5a\x5a\xaa\x66\xe6\x66\x66\x66\x66\x66\x66\x66"
	"\x66\x66\x66\x66\x66\x6e\x98\x88\x88\x88\x88\x88\x87\x14\x34\x44"
	"\x43\x33\x34\x44\x79\x88\x88\x88\x88\x28\x88\x28\x28\x88\x88\x88"
	"\x88\x88\x88\x88\x88\x28\x88\x88\x28\x88\x82\x89\x28\x74\x77\x44"
	"\x44\x44\x44\x43\x43\x33\x44\x47\x37\x78\x29\xf0\x6e\xe6\xee\xf6"
	"\xee\xee\xef\xf6\x59\x98\x98\x99\x99\x99\x99\x99\x99\x99\x99\x99"
	"\x99\x98\x99\x99\x99\x99\x89\x99\x99\x99\x98\x99\x99\x99\x99\x99"
	"\x99\x99\x99\x99\x98\x8a\xef\x64\x73\x47\x71\x44\x44\x74\x44\x48"
	"\x88\x88\x28\x88\x88\x88\x88\x82\x88\x88\x82\x88\x88\x82\x88\x88"
	"\x88\x82\x92\x71\x8f\xed\x66\xd5\x55\x55\x5a\xaa\xa5\xaa\x5a\x5a"
	"\xaa\xaa\xaa\xaa\xaa\xaa\xaa\xaa\x5a\xaa\xa5\xaa\xa5\xa5\xa5\xaa"
	"\x5a\x5a\x5a\x55\xa5\xaa\xaa\xd6\x66\x66\x66\x66\x66\x66\x66\x66"
	"\x66\x66\x66\x66\x66\xed\x88\x88\x88\x88\x88\x88\x84\x14\x34\x44"
	"\x43\x33\x34\x44\x28\x88\x82\x88\x28\x88\x28\x88\x88\x88\x82\x88"
	"\x28\x88\x88\x88\x82\x88\x88\x82\x88\x28\x88\x88\x82\x77\x41\x74"
	"\x44\x44\x44\x44\x37\x14\x43\x34\x77\x22\xaf\xef\xe6\x66\xff\x6e"
	"\xef\xff\xda\x92\x22\x88\x88\x99\x99\x99\x99\x99\x99\x99\x99\x99"
	"\x99\x99\x89\x99\x99\x99\x99\x89\x99\x99\x99\x89\x99\x99\x99\x99"
	"\x99\x99\x99\x99\x89\x82\x8c\x09\x47\x71\x47\x74\x44\x44\x44\x48"
	"\x88\x82\x88\x88\x88\x88\x28\x88\x88\x88\x88\x82\x88\x88\x82\x82"
	"\x88\x88\x88\x73\x20\xdd\x6d\xd5\x55\xb5\x5a\xa5\xaa\xa5\xa5\x5a"
	"\x5a\x5a\x5a\x5a\xa5\xa5\xa5\xa5\xaa\x5a\x5a\x5a\x5a\x5a\x5a\x5a"
	"\xaa\xa5\xaa\xaa\x5a\xaa\x5a\xce\x66\x66\x66\x66\x66\x66\x66\x66"
	"\x66\x66\x66\x66\x66\xfc\x88\x88\x88\x88\x88\x89\x23\x34\x44\x44"
	"\x43\x34\x44\x47\x79\x82\x88\x88\x88\x88\x88\x88\x88\x82\x88\x88"
	"\x88\x88\x88\x88\x88\x88\x88\x88\x88\x88\x28\x88\x82\x73\x37\x34"
	"\x44\x44\x44\x43\x43\x41\x34\x43\x17\x8d\x06\xef\xfe\xfe\x6f\xff"
	"\x6b\xa8\x22\x99\x99\x99\x98\x99\x99\x99\x99\x99\x99\x99\x99\x99"
	"\x99\x99\x98\x99\x99\x88\x89\x99\x98\x99\x99\x89\x99\x99\x99\x99"
	"\x99\x99\x99\x99\x99\x99\x82\x9d\x73\x47\x43\x14\x44\x44\x74\x42"
	"\x88\x88\x88\x88\x88\x88\x88\x88\x88\x82\x88\x88\x82\x88\x88\x88"
	"\x82\x88\x89\x71\x40\x66\x66\xd5\x55\x55\x5a\xaa\xaa\xaa\xaa\x5a"
	"\xa5\xaa\xaa\xa5\xaa\xaa\xaa\x5a\x5a\xa5\xaa\xa5\xaa\xaa\xaa\xa5"
	"\xa5\xaa\x5a\x5a\x5a\x5a\xaa\xbe\x66\xe6\x66\x66\x66\x66\x66\x66"
	"\x66\x66\x66\x66\x66\xfa\x29\x88\x88\x88\x88\x88\x23\x33\x34\x44"
	"\x43\x34\x44\x43\x79\x88\x88\x28\x82\x82\x88\x28\x28\x88\x82\x82"
	"\x82\x88\x88\x88\x88\x88\x88\x88\x28\x82\x88\x88\x97\x37\x44\x74"
	"\x44\x44\x44\x43\x47\x44\x73\x13\x3a\xf0\xee\x6f\xfe\xf0\xf6\xa9"
	"\x88\x89\x99\x98\x99\x99\x89\x99\x99\x99\x99\x99\x99\x99\x99\x99"
	"\x99\x99\x99\x98\x82\x28\x89\x98\x99\x99\x99\x98\x99\x99\x99\x99"
	"\x99\x99\x99\x99\x88\x98\x89\x22\x27\x43\x37\x44\x47\x44\x44\x47"
	"\x92\x88\x88\x88\x88\x82\x88\x28\x82\x88\x88\x88\x88\x88\x88\x88"
	"\x88\x88\x88\x24\x1f\xfd\x66\xd5\x55\x55\x5a\xaa\x5a\xaa\x5a\x55"
	"\xaa\x5a\x5a\x5a\x5a\x5a\xa5\xaa\xa5\xaa\x5a\x5a\x5a\x5a\x5a\x5a"
	"\xaa\xa5\xa5\xaa\xa5\xaa\xaa\x5f\x66\xe6\x66\x66\x66\x66\x66\x66"
	"\x66\x66\x66\x66\x66\x0a\x28\x88\x88\x88\x88\x89\x73\x43\x33\x44"
	"\x44\x44\x44\x43\x79\x88\x28\x88\x88\x88\x88\x88\x88\x88\x88\x88"
	"\x88\x88\x82\x88\x88\x88\x88\x88\x88\x28\x88\x89\x74\x74\x47\x44"
	"\x44\x44\x44\x43\x43\x17\x11\x72\xe0\xee\x6e\xf0\xfe\xba\x98\x89"
	"\x99\x89\x89\x99\x99\x99\x99\x99\x99\x99\x99\x99\x99\x99\x99\x99"
	"\x99\x99\x89\x22\x95\xc5\xa8\x89\x98\x99\x99\x99\x99\x99\x99\x99"
	"\x99\x99\x89\x99\x99\x89\x92\x82\x71\x71\x47\x34\x44\x44\x44\x44"
	"\x88\x88\x88\x88\x88\x88\x88\x88\x88\x88\x82\x88\x88\x82\x88\x88"
	"\x88\x82\x88\x83\x1d\xed\x66\xc5\x55\xb5\x5a\xaa\xaa\xa5\xa5\xaa"
	"\x5a\xa5\xa5\xaa\xa5\xa5\x5a\x5a\x5a\xa5\xa5\xaa\xa5\xa5\xa5\xaa"
	"\x5a\x5a\x5a\xa5\xa5\xa5\xaa\x5f\x66\x66\x66\x66\x66\x66\x66\x66"
	"\x66\x66\x66\x66\x66\x09\x88\x88\x88\x88\x88\x88\x43\x44\x33\x44"
	"\x44\x44\x44\x43\x78\x98\x88\x88\x88\x88\x88\x88\x88\x28\x28\x88"
	"\x88\x88\x88\x88\x88\x88\x88\x82\x88\x88\x82\x92\x73\x34\x43\x44"
	"\x44\x44\x44\x44\x43\x73\x74\x3f\xee\xef\x0f\xea\x98\x88\x88\x89"
	"\x99\x99\x99\x98\x99\x99\x99\x99\x99\x99\x99\x99\x99\x99\x99\x99"
	"\x99\x99\x99\x8d\xff\xff\xfe\x58\x89\x99\x99\x99\x89\x99\x99\x99"
	"\x99\x99\x99\x98\x99\x98\x88\x24\x47\x43\x74\x14\x44\x44\x44\x44"
	"\x79\x88\x82\x88\x88\x88\x28\x28\x88\x88\x88\x82\x88\x88\x82\x88"
	"\x88\x82\x82\x87\x1b\xe6\xd6\xc5\x5b\x55\xaa\xa5\xa5\xaa\xa5\xa5"
	"\xaa\x5a\xaa\x5a\x5a\xaa\xaa\xa5\xaa\x5a\x5a\xa5\x5a\xa5\xaa\x55"
	"\xa5\xaa\x5a\x5a\xa5\xaa\xaa\x5f\x66\x66\x66\x66\x66\x66\x66\x66"
	"\x66\x66\x66\x66\x6e\x09\x88\x88\x88\x88\x88\x88\x43\x44\x33\x34"
	"\x44\x44\x44\x44\x72\x88\x88\x28\x28\x88\x82\x88\x28\x88\x88\x28"
	"\x88\x82\x88\x88\x88\x88\x88\x88\x82\x88\x28\x97\x77\x13\x47\x14"
	"\x44\x44\x44\x44\x33\x47\x72\x0f\x00\xfc\xa9\x88\x89\x88\x99\x89"
	"\x99\x98\x98\x89\x98\x99\x99\x99\x99\x99\x99\x99\x99\x99\x99\x99"
	"\x99\x98\x89\xff\x6f\x6e\xe6\xfa\x88\x89\x99\x99\x99\x99\x99\x99"
	"\x99\x99\x99\x99\x98\x88\x82\x47\x44\x34\x31\x74\x47\x44\x44\x47"
	"\x48\x88\x88\x88\x88\x88\x88\x88\x88\x82\x88\x88\x82\x88\x88\x88"
	"\x88\x88\x88\x84\x35\xf6\x66\xc5\x55\x55\x5a\xaa\xaa\x5a\x5a\x5a"
	"\xa5\xa5\xa5\xa5\xaa\x55\x5a\x5a\x5a\xa5\xa5\xaa\xa5\xaa\x5a\xaa"
	"\x5a\x5a\xa5\xa5\xaa\xaa\x55\xaf\x66\x66\x66\x66\x66\x66\x66\x66"
	"\x66\x66\x66\x66\xee\x09\x88\x88\x88\x88\x88\x82\x34\x44\x33\x34"
	"\x44\x44\x44\x47\x72\x82\x88\x88\x88\x82\x88\x88\x88\x88\x88\x88"
	"\x88\x88\x82\x88\x88\x88\x88\x88\x88\x88\x89\x77\x74\x37\x34\x74"
	"\x44\x44\x44\x43\x43\x43\x1e\x0e\xc9\x82\x88\x89\x98\x99\x89\x99"
	"\x98\x99\x99\x99\x89\x99\x99\x99\x99\x99\x99\x99\x99\x99\x99\x99"
	"\x99\x89\x25\xf6\xfe\x6e\x6f\xed\x89\x99\x99\x98\x98\x99\x99\x99"
	"\x99\x99\x89\x98\x98\x98\x27\x74\x74\x73\x37\x14\x44\x44\x44\x47"
	"\x77\x98\x88\x88\x88\x88\x82\x88\x82\x88\x88\x88\x88\x88\x88\x88"
	"\x82\x82\x88\x97\x1a\xe6\x6d\xc5\x5b\xb5\xaa\xa5\xaa\xa5\xa5\xa5"
	"\x5a\x5a\x5a\xaa\x5a\xaa\xa5\xa5\xa5\xaa\x5a\x5a\x5a\x5a\xa5\xa5"
	"\xaa\xa5\x5a\xaa\x5a\x5a\x5a\xad\x6e\x66\x66\x66\x66\x66\x66\x66"
	"\x66\x66\x66\x66\x6e\xd2\x88\x88\x89\x88\x88\x87\x33\x43\x44\x44"
	"\x43\x34\x44\x44\x47\x98\x82\x88\x88\x88\x88\x88\x88\x28\x88\x88"
	"\x88\x82\x88\x88\x88\x88\x88\x28\x88\x89\x97\x74\x47\x74\x44\x43"
	"\x33\x44\x44\x41\x47\x14\x47\x92\x22\x88\x88\x89\x89\x89\x89\x99"
	"\x89\x98\x99\x99\x99\x99\x99\x99\x99\x99\x99\x99\x99\x99\x99\x99"
	"\x99\x99\x8d\xfe\xe6\x66\xe6\xfd\x89\x99\x99\x99\x99\x99\x99\x99"
	"\x99\x99\x99\x98\x98\x27\x77\x73\x74\x37\x33\x34\x47\x47\x33\x77"
	"\x34\x88\x88\x88\x88\x88\x88\x28\x88\x88\x82\x88\x88\x82\x88\x88"
	"\x88\x88\x28\x97\x3a\xfe\x6d\x55\x55\x55\xaa\xaa\xa5\xaa\x5a\x5a"
	"\xaa\x5a\xa5\xa5\xa5\xa5\x5a\x5a\xa5\xa5\xa5\xa5\xa5\xa5\x5a\x5a"
	"\x5a\x5a\xaa\x5a\x5a\xaa\x5a\xad\xee\x66\x66\x66\x66\x66\x66\x66"
	"\x66\x66\x66\x66\x6f\xc2\x88\x88\x88\x88\x88\x87\x14\x44\x44\x44"
	"\x43\x34\x44\x44\x74\x29\x29\x88\x88\x88\x88\x28\x88\x88\x82\x88"
	"\x28\x88\x88\x89\x88\x88\x28\x88\x98\x88\x77\x37\x41\x13\x43\x37"
	"\x74\x33\x47\x77\x31\x74\x34\x17\x89\x88\x99\x98\x88\x89\x99\x99"
	"\x99\x99\x99\x99\x99\x99\x99\x99\x99\x99\x99\x99\x99\x99\x99\x99"
	"\x99\x99\x26\xf6\x6e\x6d\x6f\xf5\x88\x99\x99\x99\x99\x89\x99\x99"
	"\x99\x99\x99\x89\x82\x27\x77\x47\x37\x71\x74\x14\x44\x34\x33\x44"
	"\x77\x78\x88\x28\x88\x88\x88\x88\x28\x88\x88\x82\x88\x88\x82\x88"
	"\x88\x88\x28\x97\x1a\xf6\xd6\x55\x55\xb5\xaa\x5a\x5a\xa5\xa5\xa5"
	"\xa5\xaa\x5a\x5a\x5a\x5a\xa5\xa5\x5a\x5a\x5a\x5a\x5a\x5a\xa5\xa5"
	"\xa5\xa5\xa5\xaa\x5a\x5a\x5a\xac\xee\x66\x66\x66\x66\x66\x66\x66"
	"\x66\x66\x66\x66\x6f\x52\x88\x88\x98\x88\x88\x87\x34\x43\x34\x44"
	"\x43\x33\x44\x44\x73\x79\x28\x88\x88\x88\x88\x88\x28\x88\x88\x88"
	"\x88\x28\x88\x82\x88\x89\x88\x28\x22\x92\x73\x31\x34\x33\x33\x11"
	"\x13\x34\x33\x11\x74\x37\x71\x34\x77\x29\x89\x99\x99\x99\x99\x99"
	"\x99\x99\x99\x99\x99\x99\x99\x99\x99\x99\x99\x99\x99\x99\x99\x99"
	"\x99\x99\x8a\xfe\x66\x66\xf6\xf9\x89\x99\x99\x98\x99\x99\x99\x99"
	"\x99\x99\x99\x88\x27\x47\x74\x74\x14\x37\x47\x11\x13\x77\x73\x13"
	"\x37\x49\x98\x88\x88\x88\x88\x88\x88\x82\x88\x88\x82\x88\x88\x88"
	"\x82\x88\x28\x92\x1a\xf6\x6d\x55\x5b\x55\xaa\xaa\xaa\x5a\x5a\xaa"
	"\x5a\xa5\xa5\xaa\x5a\xa5\xa5\xaa\xa5\xa5\xa5\xa5\xa5\xa5\xa5\xa5"
	"\xaa\x5a\x5a\x5a\x5a\xa5\xa5\xac\xe6\x66\x66\x66\x66\x66\x66\x66"
	"\x66\x66\x66\x66\x6f\xa8\x89\x88\x88\x88\x88\x83\x44\x44\x34\x44"
	"\x43\x33\x44\x43\x74\x32\x92\x88\x88\x88\x88\x88\x88\x88\x88\x28"
	"\x88\x88\x28\x88\x88\x22\x28\x88\x89\x74\x71\x31\x11\x13\x72\x22"
	"\x27\x31\x11\x14\x44\x13\x33\x14\x77\x72\x89\x99\x99\x98\x98\x89"
	"\x99\x99\x99\x99\x99\x99\x99\x99\x99\x99\x99\x99\x99\x99\x99\x99"
	"\x99\x99\x88\x6e\x66\xe6\xd0\xd2\x89\x99\x99\x99\x99\x99\x99\x99"
	"\x99\x99\x99\x82\x77\x77\x47\x47\x73\x11\x71\x29\xa5\xbb\x5a\x92"
	"\x73\x74\x99\x28\x88\x88\x88\x88\x88\x88\x88\x88\x88\x88\x88\x88"
	"\x88\x88\x88\x97\x1a\xf6\x6d\x55\x55\x55\xa5\xaa\xa5\xa5\xa5\xa5"
	"\xa5\xaa\x5a\x5a\xa5\xaa\x5a\x55\x5a\x5a\x5a\x5a\x5a\x5a\x5a\x5a"
	"\x5a\xaa\x5a\xaa\xa5\xaa\x5a\xa5\xe6\x66\x66\x66\x66\x66\x66\x66"
	"\x66\x66\x66\x66\x6f\xa2\x88\x88\x88\x88\x89\x81\x74\x74\x34\x44"
	"\x43\x33\x34\x47\x37\x74\x28\x88\x88\x88\x88\x88\x88\x82\x88\x88"
	"\x82\x88\x88\x88\x22\x89\x88\x88\x84\x44\x72\x8a\xcf\x00\x00\x00"
	"\x00\x00\x65\xa2\x23\x33\x17\x13\x77\x73\x72\x28\x99\x99\x99\x99"
	"\x99\x99\x98\x98\x99\x99\x99\x99\x99\x99\x99\x99\x99\x99\x99\x99"
	"\x99\x99\x98\xae\x0f\xff\xf6\x28\x99\x99\x99\x99\x99\x99\x99\x99"
	"\x99\x99\x92\x24\x47\x44\x44\x71\x34\x32\x90\x00\x0f\xff\xff\x00"
	"\x69\x37\x79\x88\x88\x88\x88\x88\x88\x88\x82\x88\x88\x82\x88\x88"
	"\x88\x88\x28\x97\x3a\xe6\x6d\x55\x5b\x55\xaa\xa5\xaa\xa5\x5a\xaa"
	"\x5a\x5a\xa5\xa5\xaa\x5a\x5a\x5a\xa5\xa5\xa5\xa5\xa5\xa5\xa5\xaa"
	"\x5a\x55\xaa\x5a\x5a\x5a\x5a\xa5\x66\x66\x66\x66\x66\x66\x66\x66"
	"\x66\x66\x66\x66\x6f\x98\x88\x88\x88\x88\x88\x21\x44\x44\x34\x44"
	"\x43\x33\x34\x44\x33\x47\x72\x98\x88\x88\x88\x88\x82\x88\x88\x88"
	"\x88\x82\x88\x22\x88\x82\x89\x92\x34\x1a\xcf\x00\xfe\xee\xee\xee"
	"\xee\xee\xf0\x00\xdc\x97\x31\x73\x47\x47\x77\x22\x89\x99\x99\x99"
	"\x99\x99\x99\x99\x99\x99\x99\x99\x99\x99\x99\x99\x99\x99\x99\x99"
	"\x99\x99\x98\x8a\x99\xa9\xa2\x99\x99\x99\x99\x99\x99\x99\x99\x99"
	"\x99\x98\x27\x77\x74\x44\x44\x43\x77\xaf\x0e\xee\xee\xe6\xe6\x66"
	"\xf0\x51\x42\x98\x88\x88\x88\x88\x28\x88\x88\x88\x88\x88\x88\x88"
	"\x82\x88\x28\x97\x1a\xe6\xec\x55\x55\x55\xa5\xaa\xaa\x5a\xa5\xa5"
	"\xaa\x5a\x5a\x5a\x55\xa5\xa5\xa5\x5a\x5a\x5a\x5a\x5a\x5a\x5a\x55"
	"\xa5\xaa\x55\xa5\xa5\xa5\xa5\xa5\x66\x66\x66\x66\x66\x66\x66\x66"
	"\x66\x66\x66\x66\x6f\x98\x88\x88\x88\x88\x89\x23\x34\x44\x34\x44"
	"\x44\x43\x34\x43\x43\x37\x37\x88\x88\x88\x88\x88\x88\x88\x88\x88"
	"\x88\x88\x88\x88\x82\x88\x92\x71\x21\xa0\xef\xe6\x66\x66\x6e\x66"
	"\x66\x66\xee\xe6\x6f\xf0\x68\x73\x47\x11\x77\x47\x72\x28\x89\x98"
	"\x98\x89\x99\x99\x99\x99\x99\x99\x99\x99\x99\x99\x99\x99\x99\x99"
	"\x99\x99\x89\x98\x88\x88\x89\x99\x99\x99\x99\x99\x99\x99\x99\x98"
	"\x88\x22\x77\x77\x74\x47\x74\x31\x90\x0e\xfe\xe6\x6e\xef\xee\xe6"
	"\x66\x0b\x74\x88\x88\x88\x88\x88\x88\x82\x88\x88\x28\x88\x82\x88"
	"\x88\x88\x88\x97\x1a\xfd\xec\x55\x5b\x55\xaa\xa5\xa5\xa5\x5a\xa5"
	"\xa5\xa5\xa5\xa5\xaa\x5a\x5a\x5a\x5a\x55\xa5\xa5\xa5\xa5\xa5\xaa"
	"\x5a\x5a\xaa\xaa\xaa\x5a\xa5\x5a\x66\xe6\x66\x66\x66\x66\x66\x66"
	"\x66\x66\x66\x66\x6e\x98\x88\x88\x88\x88\x88\x23\x33\x44\x44\x44"
	"\x44\x43\x34\x43\x17\x43\x73\x78\x88\x88\x88\x88\x88\x88\x88\x88"
	"\x88\x88\x88\x28\x28\x88\x77\x47\x39\x0e\xfe\x66\xee\x66\xee\x6e"
	"\xee\xee\xe6\x66\xf6\xee\x60\xc9\x33\x74\x34\x77\x77\x72\x28\x98"
	"\x99\x99\x99\x99\x99\x99\x99\x99\x99\x99\x99\x99\x99\x99\x99\x99"
	"\x99\x89\x89\x98\x99\x99\x99\x99\x99\x99\x99\x99\x99\x99\x99\x98"
	"\x98\x27\x77\x77\x77\x47\x77\x4b\x06\xee\x66\x66\x6e\xef\xe6\x6e"
	"\xe6\x60\xa3\x78\x88\x88\x88\x88\x88\x88\x88\x88\x88\x28\x88\x88"
	"\x88\x88\x28\x97\x3a\xf6\xfc\x55\x55\x5a\x5a\xaa\xaa\x5a\x5a\xaa"
	"\x5a\x5a\x5a\x5a\x5a\x5a\xa5\xa5\xa5\xaa\x5a\x5a\x5a\x5a\x5a\x55"
	"\xa5\xa5\x55\x5a\x55\xa5\x5a\x5a\xde\xe6\x66\x66\x66\x66\x66\x66"
	"\x66\x66\x66\x6e\x66\x28\x88\x88\x88\x88\x88\x74\x44\x44\x44\x43"
	"\x33\x33\x33\x33\x33\x33\x33\x34\x22\x98\x88\x88\x88\x88\x88\x89"
	"\x82\x88\x88\x88\x98\x77\x74\x73\x70\xee\xe6\xee\xee\xee\xee\xee"
	"\xee\xee\xee\xee\xee\xee\xee\xe0\xe2\x71\x71\x37\x47\x77\x72\x88"
	"\x88\x99\x99\x99\x89\x99\x99\x99\x99\x99\x99\x99\x99\x99\x99\x99"
	"\x99\x99\x89\x98\x88\x99\x99\x99\x99\x99\x99\x99\x99\x99\x89\x99"
	"\x87\x74\x73\x37\x17\x77\x12\xe0\xe6\x6e\xee\x6e\xee\xee\xee\xee"
	"\x6e\xee\x02\x17\x88\x88\x82\x88\x82\x88\x82\x88\x88\x88\x88\x88"
	"\x88\x28\x88\x83\x15\xfd\xe5\x5b\x55\x55\xaa\x5a\x5a\xa5\xa5\xa5"
	"\xa5\xa5\xa5\xa5\xa5\xa5\x5a\x5a\x5a\x55\x5a\x5a\x5a\x55\x5a\x5a"
	"\x55\xa5\xaa\xa5\x5a\x55\xa5\xaa\xce\xe6\x66\x66\x66\x66\x66\x66"
	"\x66\x66\x66\x66\x66\x88\x88\x88\x88\x88\x88\x24\x44\x44\x44\x43"
	"\x33\x33\x33\x33\x33\x33\x33\x34\x47\x28\x98\x88\x88\x28\x88\x82"
	"\x88\x88\x88\x92\x27\x74\x37\x44\xce\xf6\xee\x6e\xee\xee\xee\xee"
	"\xee\xee\xee\xee\xee\xee\xee\xe6\xff\x97\x17\x44\x43\x77\x77\x22"
	"\x99\x89\x99\x99\x99\x99\x99\x99\x99\x99\x99\x99\x99\x99\x99\x99"
	"\x99\x98\x98\x99\x98\x98\x99\x99\x99\x99\x99\x99\x99\x98\x99\x98"
	"\x77\x77\x34\x44\x44\x34\x26\xf6\x6e\xee\xee\xee\xee\xee\xee\xe6"
	"\xee\xee\xfa\x47\x78\x82\x88\x88\x88\x88\x88\x88\x88\x88\x88\x88"
	"\x98\x82\x28\x24\x35\xf6\x65\xb5\xb5\x5a\xa5\xa5\xa5\x5a\x5a\x5a"
	"\x5a\x5a\x5a\x5a\x5a\x5a\xa5\xa5\xa5\x5a\xa5\x5a\x55\xaa\xa5\x5a"
	"\x5a\x5a\x55\x5a\x5a\x5a\x55\xaa\xbf\x6e\x6e\x66\x66\x66\x66\x66"
	"\x66\x66\x66\x66\xed\x88\x88\x88\x88\x88\x89\x74\x44\x44\x44\x43"
	"\x33\x33\x33\x33\x33\x33\x33\x34\x77\x74\x28\x98\x98\x88\x88\x89"
	"\x88\x99\x82\x77\x41\x44\x37\x39\x0e\x6e\xe6\xee\xee\xee\xee\xee"
	"\xee\xee\xee\xee\xee\xee\xee\xee\xef\x05\x34\x73\x43\x77\x77\x77"
	"\x28\x89\x99\x99\x99\x99\x99\x99\x99\x99\x99\x99\x99\x99\x99\x99"
	"\x89\x99\x99\x89\x89\x99\x89\x99\x99\x99\x99\x99\x99\x99\x98\x82"
	"\x74\x34\x34\x47\x17\x77\xee\xf6\xee\xe6\xee\x6e\xee\xee\xee\xee"
	"\xee\x66\xe6\x73\x77\x89\x88\x88\x88\x88\x88\x88\x88\x88\x88\x89"
	"\x88\x28\x88\x77\x3c\xf6\x65\x55\xb5\x55\xaa\x5a\x5a\xa5\x55\xa5"
	"\xa5\xa5\xa5\xa5\xa5\xa5\x5a\x5a\x5a\x55\x5a\x55\xa5\x55\x5a\x55"
	"\xa5\x55\xaa\x5a\x55\xa5\xa5\x5a\x5f\x6e\x66\x66\x66\x66\x66\x66"
	"\x66\x66\x66\x66\xed\x88\x88\x88\x88\x88\x89\x74\x44\x44\x44\x44"
	"\x44\x44\x44\x44\x44\x44\x44\x44\x44\x44\x47\x72\x22\x88\x88\x88"
	"\x22\x77\x74\x43\x77\x77\x41\x3f\x6e\x6e\x6f\xee\xee\xee\xee\xee"
	"\xee\xee\xee\xee\xee\xee\xee\xee\xfe\x60\xc1\x44\x43\x77\x77\x77"
	"\x72\x89\x99\x89\x99\x99\x99\x99\x99\x99\x99\x99\x99\x99\x99\x99"
	"\x99\x99\x88\x89\x98\x88\x88\x99\x99\x99\x99\x99\x89\x89\x88\x27"
	"\x77\x37\x43\x47\x44\x36\xfe\x6e\xf6\x6e\xee\x6e\xee\xee\xee\xee"
	"\xee\x6e\xe0\x23\x74\x78\x88\x88\x88\x82\x88\x88\x88\x88\x88\x88"
	"\x82\x88\x94\x37\x3d\xe6\xd5\xbb\x55\x55\xa5\xa5\xa5\xa5\xa5\xa5"
	"\xa5\xa5\x5a\x5a\x5a\x5a\xa5\xa5\x55\xaa\x55\xa5\x5a\x5a\x55\xa5"
	"\xa5\xaa\x55\xa5\x5a\x5a\x55\xaa\x5f\x66\x6e\x66\x66\x66\x66\x66"
	"\x66\x66\x66\x6e\xfc\x88\x88\x88\x88\x88\x88\x74\x44\x44\x44\x44"
	"\x44\x44\x44\x44\x44\x44\x44\x44\x74\x43\x34\x44\x44\x44\x44\x33"
	"\x44\x44\x33\x34\x77\x33\x71\x8f\xfe\x6f\xe6\xee\xee\xee\xee\xee"
	"\xee\xee\xee\xee\xee\xee\xee\xef\xe6\xfe\x05\x44\x44\x43\x44\x44"
	"\x47\x22\x98\x99\x99\x99\x98\x99\x99\x99\x99\x99\x99\x99\x99\x98"
	"\x92\x22\x9a\xa9\x99\x29\x89\x99\x99\x99\x99\x89\x99\x98\x92\x77"
	"\x13\x71\x34\x37\x13\xaf\xfe\xee\xee\x6e\xee\xee\xee\xee\xee\xee"
	"\xee\xef\xe0\xa1\x47\x47\x28\x88\x88\x88\x88\x88\x88\x88\x88\x88"
	"\x88\x82\x77\x47\x1f\x66\xda\xb5\xb5\x55\xa5\x5a\x5a\x5a\x5a\x55"
	"\xa5\xa5\xa5\xa5\x5a\x55\x55\x5a\x5a\x55\x5a\x55\xa5\xa5\x5a\x5a"
	"\x55\xa5\x5a\x55\xa5\x55\x5a\x5a\xae\x66\x66\x66\x66\x66\x66\x66"
	"\x66\x66\x66\x6e\xec\x88\x88\x88\x88\x88\x88\x74\x44\x44\x44\x44"
	"\x44\x44\x44\x44\x44\x44\x44\x41\x13\x34\x74\x33\x43\x33\x44\x47"
	"\x31\x33\x47\x43\x44\x31\x47\xb0\x6f\xe6\xee\x6e\xee\xee\xee\xee"
	"\xee\xee\xee\xee\xee\xee\xee\xee\x6f\x6f\x60\xa1\x47\x74\x73\x77"
	"\x47\x72\x29\x88\x99\x99\x99\x99\x99\x99\x99\x99\x99\x99\x99\x88"
	"\x88\xa6\xef\xff\xf6\x52\x89\x99\x99\x99\x99\x99\x88\x98\x87\x47"
	"\x44\x43\x33\x31\x72\xff\x66\xfe\xee\x6e\x6e\xee\xee\xee\xee\xe6"
	"\x6e\xee\x6f\xd1\x43\x44\x78\x88\x88\x88\x88\x88\x88\x82\x88\x88"
	"\x89\x97\x74\x14\x70\x66\xca\xbb\x55\x55\xa5\xa5\xa5\xa5\x55\x5a"
	"\x55\xa5\xa5\xa5\xa5\x5a\xa5\xa5\xa5\xa5\xa5\xa5\x5a\x5a\x55\xa5"
	"\xa5\x55\xa5\xa5\x5a\xa5\xa5\x55\xa6\x66\x66\x66\x66\x66\x66\x66"
	"\x66\x66\x66\x6e\xec\x88\x88\x88\x88\x88\x88\x74\x44\x44\x44\x44"
	"\x44\x44\x44\x44\x44\x44\x44\x41\x33\x33\x13\x44\x47\x44\x33\x43"
	"\x47\x74\x11\x13\x44\x43\x12\xff\xdf\x6e\x6e\xee\xee\xee\xee\xee"
	"\xee\xee\xee\xee\xee\xee\xee\xe6\xfd\xfe\xf6\x08\x14\x44\x41\x47"
	"\x77\x74\x72\x98\x89\x99\x99\x89\x99\x99\x99\x99\x99\x99\x99\x98"
	"\x2f\xff\xfe\xff\xdf\xfb\x88\x99\x99\x99\x99\x99\x89\x89\x77\x43"
	"\x74\x13\x43\x41\x4c\xfe\x6f\x6e\xee\x66\xee\xee\xee\xee\xee\xee"
	"\xee\x6e\x6f\x04\x13\x14\x44\x88\x88\x88\x88\x88\x88\x88\x88\x89"
	"\x82\x34\x43\x24\x70\x66\xc5\x55\x55\x5a\x5a\x55\x5a\x55\xa5\xa5"
	"\xa5\x55\x55\x55\x5a\x55\x5a\x55\x55\x55\x5a\x5a\x55\x55\xa5\x55"
	"\x5a\x5a\x5a\x5a\x55\x55\x5a\x5a\xa6\xe6\xe6\x66\x66\x66\x66\x66"
	"\x66\x66\x66\x6e\xec\x88\x88\x88\x88\x88\x88\x74\x44\x44\x44\x44"
	"\x44\x44\x44\x44\x44\x44\x44\x43\x34\x33\x34\x47\x74\x44\x44\x44"
	"\x44\x44\x43\x34\x43\x33\x39\x06\xe6\x6e\x66\xee\xee\xee\xee\xee"
	"\xee\xee\xee\xee\xee\xee\xee\xee\x6e\x6e\xe6\xfc\x34\x74\x34\x34"
	"\x74\x47\x77\x99\x98\x99\x99\x89\x99\x99\x99\x99\x99\x99\x99\x92"
	"\xde\xef\xff\x66\xee\xef\x98\x99\x99\x99\x99\x99\x99\x88\x77\x74"
	"\x13\x31\x34\x44\x70\xe6\xef\x6e\x6e\xe6\xee\xee\xee\xee\xee\xee"
	"\xee\xee\xee\x03\x44\x33\x34\x48\x88\x88\x88\x88\x88\x89\x88\x82"
	"\x73\x71\x47\x41\x20\xe6\xbb\x5b\x55\x55\x55\xa5\xa5\xa5\x55\x55"
	"\x5a\x5a\x5a\x5a\x55\xa5\x55\xa5\xa5\xa5\xa5\x55\xa5\xa5\x5a\xa5"
	"\xa5\xa5\x5a\x55\xa5\xa5\xa5\x5a\xac\xe6\xe6\x66\x66\x66\x66\x66"
	"\x66\x66\x66\x66\xfc\x88\x88\x88\x88\x89\x88\x74\x44\x44\x44\x44"
	"\x44\x44\x44\x44\x44\x44\x44\x44\x44\x44\x44\x44\x44\x33\x33\x33"
	"\x33\x33\x33\x33\x73\x14\x1c\x06\xee\xee\xee\xee\xee\xee\xee\xee"
	"\xee\xee\xee\xee\xee\xee\xee\xee\x6e\x6e\xee\xe0\x97\x71\x47\x34"
	"\x74\x44\x44\x7b\xa2\x88\x98\x89\x99\x99\x88\x99\x99\x99\x99\x8a"
	"\xfd\xee\xee\xff\xef\xff\x99\x99\x99\x99\x99\x99\x98\x27\x74\x43"
	"\x43\x34\x43\x44\xa0\xfe\xee\x6e\xee\xee\xee\xee\xee\xee\xee\xe6"
	"\x66\xee\xee\x02\x13\x13\x13\x37\x22\x28\x82\x28\x22\x27\x77\x74"
	"\x44\x33\x33\x33\x80\x66\x55\x5b\x55\x5a\x5a\x55\x5a\x55\xa5\xa5"
	"\xa5\xa5\xa5\xa5\x5a\x5a\xaa\x5a\x5a\x5a\x55\xaa\x5a\x55\xa5\x55"
	"\x55\x55\xa5\x5a\x55\x5a\x55\xa5\xac\xe6\xe6\x66\x66\x66\x66\x66"
	"\x66\x66\x66\x66\xec\x88\x88\x88\x88\x88\x88\x74\x44\x44\x44\x44"
	"\x44\x44\x44\x44\x44\x44\x44\x44\x44\x44\x44\x44\x44\x33\x33\x33"
	"\x33\x33\x33\x33\x13\x41\x1f\xfe\xee\xee\xee\xee\xee\xee\xee\xee"
	"\xee\xee\xee\xee\xee\xee\xee\xee\xee\xee\xee\xee\x03\x77\x14\x74"
	"\x74\x44\x47\x77\xcc\x99\x88\x99\x99\x98\x98\x99\x99\x99\x99\x85"
	"\xe6\xfe\x6e\xef\xfe\xff\xa9\x89\x99\x99\x99\x99\x98\x27\x74\x34"
	"\x73\x44\x33\x47\xed\xee\x6e\xfe\xee\xee\xee\xee\xee\xee\xee\xe6"
	"\x66\xee\xee\x08\x13\x13\x33\x34\x44\x44\x47\x44\x44\x44\x44\x44"
	"\x44\x33\x33\x33\x9f\x6d\x55\xb5\x5b\x55\xa5\xa5\xa5\x5a\x5a\x55"
	"\x55\x55\x55\x55\xa5\x55\x55\xa5\xa5\x5a\xa5\x55\xa5\xa5\x5a\x5a"
	"\x5a\x5a\x5a\x55\x5a\x55\xa5\x5a\xab\xe6\xe6\x66\x66\x66\x66\x66"
	"\x66\x66\x66\x6e\x6c\x88\x88\x88\x88\x89\x88\x74\x44\x44\x44\x44"
	"\x44\x44\x44\x44\x44\x44\x44\x44\x44\x44\x44\x44\x44\x44\x44\x33"
	"\x33\x34\x44\x43\x73\x34\x20\xee\xee\xee\xee\xee\xee\xee\xee\xee"
	"\xee\xee\xee\xee\xee\xee\xee\xe6\xe6\xee\xee\xe6\xf9\x13\x34\x34"
	"\x44\x74\x44\x44\x76\xf9\x89\x99\x99\x99\x89\x88\x99\x99\x98\x8a"
	"\xfd\x6e\x6f\x66\xee\xfe\x99\x99\x99\x99\x99\x99\x82\x77\x44\x34"
	"\x43\x77\x44\x79\x0e\xfe\x66\x6e\xee\xee\xee\xee\xee\xee\xee\xee"
	"\x6e\x6e\x6e\x08\x14\x13\x33\x33\x33\x34\x44\x74\x44\x44\x44\x44"
	"\x44\x33\x33\x31\xaf\x6d\x55\xbb\x55\x5a\x5a\x55\x55\xa5\x55\x5a"
	"\x5a\x5a\x5a\x5a\x55\xa5\xa5\xa5\x5a\x55\xa5\xa5\x55\x5a\x55\xa5"
	"\xa5\x55\xa5\xa5\x55\xa5\x5a\x55\xa5\x66\x66\xe6\x66\x66\x66\x66"
	"\x66\x66\x66\x66\x6d\x88\x88\x88\x88\x88\x89\x74\x44\x44\x44\x44"
	"\x44\x44\x44\x44\x44\x44\x44\x44\x44\x44\x44\x44\x44\x44\x44\x33"
	"\x33\x34\x44\x43\x73\x14\x9f\xfe\xee\xee\xee\xee\xee\xee\xee\xee"
	"\xee\xee\xee\xee\xee\xee\xee\xee\xee\xee\xee\xee\x0a\x11\x71\x74"
	"\x44\x47\x47\x47\x18\xf6\xa2\x88\x99\x99\x98\x98\x99\x99\x89\x88"
	"\x66\x6e\x66\xfe\xf6\x6c\x28\x99\x98\x99\x99\x98\x87\x74\x47\x44"
	"\x44\x47\x44\x3d\xf6\x6e\xee\x6e\xee\xee\xee\xee\xee\xee\xee\xee"
	"\x66\x66\x66\x09\x14\x13\x43\x31\x33\x44\x44\x44\x44\x44\x44\x44"
	"\x44\x33\x33\x33\xa6\xed\xa5\xb5\x55\x55\xa5\xa5\xa5\x5a\xa5\xa5"
	"\xa5\xa5\xa5\xa5\xa5\x55\x5a\x55\xa5\xa5\x5a\x5a\xa5\xa5\xa5\x55"
	"\x55\xa5\x55\x55\xa5\x55\xa5\x5a\x5a\x66\x66\x66\x66\x66\x66\x66"
	"\x66\x66\x66\x66\x6d\x88\x88\x88\x88\x88\x88\x74\x44\x44\x44\x44"
	"\x44\x44\x44\x44\x44\x44\x44\x44\x44\x44\x44\x44\x44\x44\x44\x44"
	"\x44\x44\x44\x44\x33\x41\x90\xee\xee\xee\xee\xee\xee\xee\xee\xee"
	"\xee\xee\xee\xee\xee\xee\xee\xee\xee\xee\xee\xe6\xdf\x23\x17\x34"
	"\x44\x44\x44\x43\x71\x90\xfa\x88\x88\x99\x99\x99\x89\x99\x98\x82"
	"\xaf\x66\x6f\x6e\xe0\xf9\x99\x99\x99\x99\x88\x88\x27\x74\x34\x44"
	"\x47\x34\x73\x70\xf6\xe6\x6d\xfe\xee\xee\xee\xee\xee\xee\xee\xee"
	"\xee\x6e\x66\x09\x14\x13\x44\x34\x44\x44\x33\x33\x34\x44\x44\x44"
	"\x44\x33\x33\x17\xc6\x6c\xa5\xb5\x55\x5a\x5a\x55\x55\xa5\x55\x55"
	"\x55\x55\x55\x55\x55\xa5\x55\x5a\x5a\x55\xa5\x55\x55\x5a\x55\x5a"
	"\x5a\x55\x5a\x5a\x55\x5a\x55\x5a\x5a\xd6\x66\x66\x66\x66\x66\x66"
	"\x66\x66\x66\x66\x66\x88\x88\x88\x88\x88\x88\x74\x44\x44\x44\x44"
	"\x44\x44\x44\x44\x44\x44\x44\x44\x44\x44\x44\x44\x44\x44\x44\x44"
	"\x44\x44\x44\x44\x73\x71\xa0\x6e\xee\xee\xee\xee\xee\xee\xee\xee"
	"\xee\xee\xee\xee\xee\xee\xee\xee\xee\xee\xee\xee\x6f\x23\x47\x74"
	"\x44\x44\x44\x47\x34\x1f\xff\xd2\x89\x99\x99\x98\x99\x99\x98\x89"
	"\x2d\x0f\x0f\xfe\x6c\x58\x98\x99\x99\x98\x89\x92\x74\x44\x34\x44"
	"\x44\x34\x71\x80\xde\x66\xee\xde\xee\xee\xee\xee\xee\xee\xee\xee"
	"\xee\x66\x66\x09\x14\x33\x44\x34\x44\x33\x33\x34\x44\x43\x33\x34"
	"\x44\x33\x33\x32\xd6\xec\x55\x55\x55\x55\xa5\x5a\x5a\x55\xa5\x5a"
	"\x5a\x5a\x5a\x5a\x5a\x55\xa5\xa5\x55\xa5\x5a\x5a\x5a\x55\x5a\x55"
	"\x55\x5a\x55\x55\x5a\x55\x55\x5a\x5a\xde\x66\x66\x66\x66\x66\x66"
	"\x66\x66\x66\x66\x66\x98\x88\x88\x88\x88\x89\x74\x44\x44\x44\x44"
	"\x44\x44\x44\x44\x44\x44\x44\x43\x33\x33\x33\x33\x34\x44\x44\x44"
	"\x44\x44\x44\x43\x73\x34\xaf\xee\xee\xee\xee\xee\xee\xee\xee\xee"
	"\xee\xee\xee\xee\xee\xee\xee\xee\xee\xee\xee\xed\xe0\x94\x41\x44"
	"\x33\x33\x34\x43\x34\x77\xfe\xf6\x29\x99\x99\x99\x89\x99\x99\x88"
	"\x89\xa9\x98\x28\x28\x89\x99\x98\x99\x89\x99\x82\x74\x43\x43\x33"
	"\x13\x33\x43\x90\x6e\xf6\x6e\x6e\xee\xee\xee\xee\xee\xee\xee\xee"
	"\xee\xee\x6e\x09\x14\x43\x44\x44\x44\x43\x33\x34\x44\x43\x33\x33"
	"\x33\x34\x43\x32\xe6\x6b\x55\x55\x55\xa5\x5a\x55\x55\x5a\x55\x55"
	"\x55\x55\x55\x55\x55\x55\x5a\x5a\x5a\x5a\xa5\x55\xa5\xa5\x55\xa5"
	"\xa5\x55\xa5\xa5\x55\x5a\x5a\x55\x5a\xce\x6e\x66\x66\x66\x66\x66"
	"\x66\x66\x66\x66\x6e\x98\x88\x88\x88\x88\x88\x74\x44\x44\x44\x44"
	"\x44\x44\x44\x44\x44\x44\x44\x43\x33\x33\x33\x33\x34\x44\x44\x44"
	"\x44\x44\x44\x44\x44\x13\x5f\xee\xee\xee\xee\xee\xee\xee\xee\xe6"
	"\xee\xee\xee\xee\xee\xee\xee\xee\xee\xee\xee\xee\xe0\xa4\x37\x34"
	"\x33\x33\x34\x42\x73\x13\xaf\x6e\xf8\x89\x99\x99\x99\x99\x99\x98"
	"\x92\x88\x88\x88\x88\x89\x99\x99\x89\x89\x98\x27\x74\x33\x43\x33"
	"\x33\x41\x71\xa0\x62\xdf\xe6\xee\xee\xee\xee\xee\xee\xee\xee\xee"
	"\xee\xee\x6e\x09\x13\x43\x34\x44\x44\x44\x43\x34\x44\x43\x33\x33"
	"\x33\x34\x43\x32\xf6\x65\x55\x55\x55\x55\xa5\xa5\x5a\x55\xa5\xa5"
	"\xa5\xa5\xa5\xa5\xa5\xa5\x55\x55\x55\x55\x55\xa5\x55\x55\xa5\x55"
	"\x55\xa5\x55\x55\xa5\x55\x55\x5a\xaa\x56\x6e\x66\x66\x66\x66\x66"
	"\x66\x66\x66\x6e\x6f\x98\x88\x88\x88\x89\x88\x23\x33\x33\x34\x44"
	"\x44\x44\x44\x44\x44\x44\x44\x44\x44\x44\x44\x44\x44\x44\x44\x44"
	"\x44\x44\x44\x44\x33\x43\x5f\xee\xee\xee\xee\xee\xee\xee\xee\xef"
	"\x6f\xed\xf6\x6e\xe6\xfe\xe6\x6e\xef\xe6\xef\x66\xef\xc3\x37\x44"
	"\x44\x44\x43\x34\x34\x71\x70\x6e\x6f\xa2\x89\x98\x99\x89\x99\x99"
	"\x99\x99\x99\x99\x98\x99\x99\x89\x99\x99\x92\x74\x44\x44\x44\x43"
	"\x13\x43\x47\xd0\xa1\x9f\x6e\xf6\xe6\xf6\x6f\x6f\xe6\xef\xee\xee"
	"\xee\xe6\x66\x09\x11\x34\x44\x44\x44\x44\x44\x44\x43\x33\x34\x44"
	"\x47\x44\x44\x3a\xf6\xc5\x5b\x55\xb5\x5a\x55\x55\xa5\x5a\x55\x55"
	"\x55\x55\x55\x55\x55\x55\x5a\x55\xa5\xa5\x5a\x55\xa5\x5a\x55\xa5"
	"\x5a\x55\xa5\x5a\x55\xa5\x5a\x55\x5a\x5e\x6e\x66\x66\x66\x66\x66"
	"\x66\x66\x66\x66\x6f\x98\x88\x88\x89\x88\x89\x23\x33\x33\x34\x44"
	"\x44\x44\x44\x44\x44\x44\x44\x44\x44\x44\x44\x44\x44\x44\x44\x44"
	"\x44\x44\x44\x43\x33\x43\xbf\xee\xee\xee\xee\xee\xee\xee\xee\xe6"
	"\xf6\xfe\xf0\x6e\xdf\xee\xfe\x66\x66\xef\x6d\xe6\xef\x61\x34\x44"
	"\x44\x44\x43\x33\x44\x14\x3a\x0d\xe6\xfa\x29\x99\x89\x98\x89\x99"
	"\x99\x99\x99\x99\x99\x99\x99\x99\x99\x99\x87\x74\x44\x44\x44\x43"
	"\x13\x43\x47\x60\x51\x10\x6d\xfe\xdf\xe0\x0f\x0d\xef\x6d\xee\x6e"
	"\xee\xe6\xe6\x09\x13\x34\x44\x44\x44\x44\x44\x44\x43\x33\x34\x43"
	"\x34\x44\x74\x35\xe6\xc5\x55\x55\xb5\xa5\xa5\x5a\x55\xa5\xa5\xa5"
	"\xa5\xa5\xa5\xa5\xa5\xa5\x55\xa5\x55\x55\x55\x55\x55\x55\x55\x55"
	"\x55\x55\x55\x55\x55\x5a\x55\x5a\x5a\xa6\x6e\x66\x66\x66\x66\x66"
	"\x66\x66\x66\x66\x6f\xa2\x88\x88\x88\x88\x88\x23\x33\x33\x33\x34"
	"\x44\x44\x44\x44\x44\x44\x44\x44\x44\x44\x44\x44\x44\x44\x44\x44"
	"\x44\x44\x44\x43\x34\x43\xbf\xee\xee\xee\xee\xee\xee\xee\xee\xed"
	"\xee\xf6\x99\x0e\xdf\xe6\xf6\xee\xee\x66\xef\xee\x6f\x01\x34\x34"
	"\x44\x44\x43\x33\x44\x14\x47\xed\x66\xe0\xc7\x88\x99\x99\x99\x99"
	"\x99\x99\x99\x99\x99\x99\x99\x99\x89\x82\x74\x74\x44\x44\x43\x33"
	"\x33\x34\x37\xef\xd4\x1a\x0e\x66\xef\xfa\x88\xa0\x6e\xef\xee\xee"
	"\xe6\x6e\x6e\x08\x14\x34\x44\x44\x44\x44\x44\x44\x43\x33\x34\x43"
	"\x44\x47\x44\x36\x66\xb5\x55\x55\x55\x55\x55\x55\x5a\x55\xa5\x55"
	"\x55\x55\x55\x55\x55\x55\x55\x55\xa5\x5a\x55\xa5\x5a\x55\xa5\x5a"
	"\x55\xa5\x5a\x55\xa5\x55\x5a\x55\x55\xa6\xee\x66\x66\x66\x66\x66"
	"\x66\x66\x66\x66\x6f\x58\x89\x88\x88\x88\x88\x23\x33\x33\x33\x34"
	"\x44\x44\x44\x44\x44\x44\x44\x44\x44\x44\x44\x44\x44\x44\x44\x44"
	"\x44\x44\x44\x43\x34\x43\x5f\x6e\xee\xee\xee\xee\xee\xee\xee\xef"
	"\xd6\xf9\x13\x90\xe6\xef\x6f\x66\x6f\x6f\x66\xfe\x6e\x01\x34\x44"
	"\x44\x44\x43\x34\x14\x43\x71\xa0\xdf\xde\x0b\x89\x98\x99\x99\x99"
	"\x99\x99\x99\x99\x99\x99\x99\x99\x82\xa9\x77\x34\x44\x44\x43\x34"
	"\x33\x34\x32\xff\x01\x12\x0e\x6e\xfd\x23\x13\x36\xfe\xee\x66\xee"
	"\xee\xee\x6e\x02\x14\x14\x44\x44\x44\x44\x44\x44\x43\x33\x34\x44"
	"\x74\x44\x73\x4f\x66\x55\x55\x55\x55\xaa\x5a\x55\xa5\xa5\x5a\x5a"
	"\x5a\x5a\x5a\x5a\x55\xa5\x5a\x55\x55\x55\x55\x55\x55\x55\x55\x55"
	"\x55\x55\x55\x55\x55\xa5\x55\x5a\x55\xa6\xe6\x66\x66\x66\x66\x66"
	"\x66\x66\x66\x66\x6f\xb2\x88\x88\x88\x88\x89\x83\x33\x33\x33\x34"
	"\x44\x44\x44\x44\x44\x44\x44\x44\x44\x44\x44\x44\x44\x44\x44\x44"
	"\x44\x44\x44\x43\x44\x41\x5f\x6e\xee\xee\xee\xee\xee\xee\xee\xe6"
	"\x6f\x61\x14\x1a\x0e\x6f\x66\x6d\x0d\xfe\xee\x6e\xee\x01\x31\x44"
	"\x44\x43\x33\x34\x33\x44\x73\x2f\xd6\xfd\xd0\xf9\x28\x99\x99\x99"
	"\x99\x99\x99\x99\x89\x89\x99\x99\x2a\x07\x14\x74\x44\x43\x33\x34"
	"\x43\x34\x12\x0e\xf8\x17\xde\x60\x51\x11\x11\x1a\x0e\xe6\xef\x6e"
	"\xee\xee\x6e\x02\x14\x34\x43\x34\x44\x44\x44\x44\x43\x33\x34\x44"
	"\x43\x44\x44\x20\x6d\x55\x55\x55\x5a\x55\x55\x55\x55\x5a\x55\x55"
	"\x55\x55\x55\x55\x55\x55\x55\x55\xa5\xa5\xa5\xa5\xa5\xa5\xa5\xa5"
	"\xa5\xa5\xa5\xa5\xa5\x55\x5a\x55\xa5\xad\xe6\x66\x66\x66\x66\x66"
	"\x66\x66\x66\x66\xef\xd8\x89\x88\x88\x88\x88\x83\x33\x33\x33\x34"
	"\x44\x44\x44\x44\x44\x44\x44\x44\x44\x44\x44\x44\x44\x44\x44\x44"
	"\x44\x44\x44\x44\x44\x43\xa0\x6e\xee\xee\xee\xee\xee\xee\xee\xe6"
	"\xf0\xa1\x41\x37\xdf\xe6\xef\x84\x90\xe6\xef\xe6\xee\x01\x11\x44"
	"\x44\x43\x33\x31\x71\x34\x34\x3f\xfd\xd6\x6e\xef\x52\x88\x99\x99"
	"\x99\x99\x99\x99\x99\x99\x99\x22\x50\xf7\x44\x44\x44\x43\x33\x34"
	"\x43\x33\x12\x0e\x0a\x17\xa0\xfa\x14\x13\x44\x15\xf6\xef\xee\x6e"
	"\xee\xee\x6f\x07\x34\x13\x33\x34\x44\x44\x44\x44\x43\x33\x34\x44"
	"\x43\x43\x31\x80\xec\x55\x5b\x55\x5a\x55\xa5\xa5\xa5\xa5\xa5\xa5"
	"\xa5\xa5\x5a\x55\x5a\x55\x55\x55\x55\x55\x55\x55\x55\x55\x55\x55"
	"\x55\x55\x55\x55\x55\x5a\x55\x55\x55\x5c\xe6\x66\x66\x66\x66\x66"
	"\x66\x66\x66\x66\x6e\xe8\x88\x88\x88\x88\x98\x83\x33\x33\x33\x34"
	"\x44\x44\x44\x44\x44\x44\x44\x44\x44\x44\x44\x44\x44\x44\x44\x44"
	"\x44\x44\x44\x44\x74\x44\x90\x6e\xee\xee\xee\xee\xee\xee\xee\xee"
	"\x6f\x21\x11\x71\x20\x6f\xfa\x14\x1d\xfe\xff\xe6\xee\x01\x33\x34"
	"\x44\x33\x33\x33\x73\x34\x14\x1a\x0d\x6f\xdd\x66\xf6\xa2\x88\x98"
	"\x99\x99\x99\x99\x98\x88\x28\x9e\x0d\xf1\x34\x34\x43\x33\x33\x34"
	"\x34\x43\x12\x06\x6e\x27\x32\xa1\x34\x11\x31\x4d\xff\xe6\x6f\xe6"
	"\x6e\x6e\xef\xf3\x43\x33\x33\x34\x44\x44\x44\x44\x43\x33\x34\x44"
	"\x44\x43\x13\x9f\x6b\x55\x55\x55\x5a\xa5\x55\x55\x55\x55\x55\x55"
	"\x55\x55\x55\xa5\x55\x55\xa5\xa5\xa5\x55\xa5\x55\xa5\x55\xa5\x55"
	"\xa5\x55\xa5\x55\xa5\x55\x5a\x5a\x55\xa5\xe6\x66\x66\x66\x66\x66"
	"\x66\x66\x66\x66\x66\xf9\x88\x88\x88\x88\x89\x83\x33\x33\x33\x34"
	"\x44\x44\x44\x44\x44\x44\x44\x44\x44\x44\x44\x44\x44\x44\x44\x44"
	"\x44\x44\x44\x44\x44\x43\x90\x6e\xee\xee\xee\xee\xee\xee\xee\x66"
	"\xfc\x21\x14\x11\x18\x00\x63\x11\x3a\xfe\xe6\xee\x6f\xf1\x37\x14"
	"\x44\x33\x33\x34\x14\x41\x47\x12\xf6\xed\xe6\x66\x6e\xf5\x92\x88"
	"\x89\x99\x99\x99\x98\x98\x85\xee\xdf\xc1\x47\x44\x43\x33\x33\x34"
	"\x34\x43\x12\x0f\x60\xa1\x14\x11\x11\x34\x13\x20\xee\xee\xee\xee"
	"\x6e\x6e\xef\x61\x73\x43\x33\x34\x44\x44\x44\x44\x43\x33\x34\x44"
	"\x34\x41\x34\xaf\x65\x55\xb5\xb5\x5a\xa5\x5a\x55\xa5\xa5\xa5\x55"
	"\xa5\x5a\x55\x5a\x55\x55\x55\x55\x55\xa5\x55\xa5\x55\xa5\x55\xa5"
	"\x55\xa5\x55\xa5\x55\xa5\x55\x55\x55\x55\x6e\x66\x66\x66\x66\x66"
	"\x66\x66\x66\x66\x6e\x09\x89\x88\x88\x88\x88\x87\x34\x34\x34\x34"
	"\x44\x44\x44\x44\x44\x44\x44\x44\x44\x44\x44\x44\x44\x44\x44\x44"
	"\x44\x44\x44\x44\x43\x41\x20\x6e\x6e\x6e\xee\xee\xee\xee\xee\xef"
	"\x66\x94\x11\x13\x11\x79\x13\x41\x3d\xf6\xef\x66\xef\xc4\x13\x33"
	"\x33\x33\x33\x33\x33\x33\x33\x33\xc6\x66\x66\x66\x66\xef\xfc\x98"
	"\x82\x88\x89\x98\x88\x8a\xff\xd6\x6e\x53\x44\x33\x33\x33\x33\x33"
	"\x13\x43\x32\xfe\xf6\x09\x13\x33\x43\x11\x11\x5e\xee\xee\xee\xee"
	"\xee\x6e\xef\xc1\x44\x31\x34\x44\x44\x44\x44\x44\x43\x33\x33\x43"
	"\x43\x17\x17\xd6\xc5\x55\x55\x55\x5a\x55\xa5\x55\x55\x55\x55\xa5"
	"\x55\xa5\x5a\x55\x55\xa5\x55\x55\xa5\x55\xa5\x55\xa5\x55\xa5\x55"
	"\xa5\x55\xa5\x55\xa5\x55\xa5\x55\x55\x5a\xde\x66\x66\x66\x66\x66"
	"\x66\x66\x66\x66\xe6\xfa\x82\x88\x89\x88\x88\x97\x14\x34\x33\x44"
	"\x44\x44\x44\x44\x44\x44\x44\x44\x44\x44\x44\x44\x44\x44\x44\x44"
	"\x44\x44\x44\x44\x47\x31\x70\xfe\xee\xee\xee\xee\xee\xee\xee\xe6"
	"\x6f\xf7\x33\x43\x33\x14\x41\x33\x70\xef\x6e\x6e\xef\x53\x13\x33"
	"\x33\x33\x33\x33\x33\x33\x33\x33\xaf\x66\x6d\x66\x6d\xd6\xff\xfc"
	"\xa9\x98\x88\x89\xac\xef\x66\xe6\x6f\xa4\x74\x33\x33\x33\x33\x34"
	"\x34\x33\x42\xee\xf6\x60\x83\x33\x11\x73\x1a\x0e\xee\xee\xee\xe6"
	"\x6e\xf6\x60\x93\x44\x33\x34\x44\x44\x44\x44\x44\x43\x33\x33\x47"
	"\x43\x33\x32\xe6\xb5\x55\x5b\xb5\x5a\xa5\x55\x5a\x55\xa5\x55\x55"
	"\x55\x55\x55\x55\xa5\x55\x55\x55\x55\x55\x55\x55\x55\x55\x55\x55"
	"\x55\x55\x55\x55\x55\x55\x55\x55\xa5\x5a\xcf\x66\x66\x66\x66\x66"
	"\x66\x66\x66\x66\xe6\xf5\x82\x98\x88\x88\x88\x82\x14\x33\x43\x44"
	"\x44\x44\x44\x44\x44\x44\x44\x44\x44\x44\x44\x44\x44\x44\x44\x44"
	"\x44\x44\x44\x43\x44\x44\x16\xfe\xee\xee\xee\xee\xee\xee\xee\xee"
	"\x66\xf0\x21\x17\x41\x41\x11\x37\xde\xdf\xee\xee\x60\x91\x34\x33"
	"\x33\x33\x33\x33\x33\x33\x33\x34\x9f\x66\x66\x6d\x66\x66\xdd\x66"
	"\xf0\xff\xff\xf0\xfe\x66\x66\xde\x6f\x93\x44\x33\x33\x34\x44\x43"
	"\x34\x33\x47\xdf\x6f\xee\x09\x71\x11\x72\xc0\x6e\xee\xee\xee\xe6"
	"\xe6\xee\x60\x81\x44\x33\x34\x44\x44\x44\x44\x44\x43\x33\x33\x47"
	"\x34\x43\x18\xf6\x55\x55\x55\x5b\x55\x5a\x55\x55\x55\x55\x55\x55"
	"\xa5\x5a\x55\x55\x55\x55\xa5\x5a\x55\xa5\x5a\x55\xa5\x5a\x55\xa5"
	"\x5a\x55\xa5\x5a\x55\xa5\x5a\x55\x55\x55\xbf\x66\x66\x66\x66\x66"
	"\x66\x66\x66\x66\x66\xec\x89\x89\x88\x88\x88\x82\x14\x33\x43\x44"
	"\x44\x44\x44\x44\x44\x44\x44\x44\x44\x44\x44\x44\x44\x44\x44\x44"
	"\x44\x44\x44\x44\x43\x74\x1a\xf6\xee\xe6\xe6\xee\xee\xee\xee\xee"
	"\x6e\x6f\xf2\x31\x13\x14\x71\x8d\x0e\xee\x66\x66\x60\x83\x44\x43"
	"\x33\x33\x33\x33\x33\x33\x33\x31\x20\xd6\x6d\x66\xdd\x66\x66\x66"
	"\xee\x66\xee\x66\x66\x66\x66\x6e\x6f\x93\x73\x33\x33\x34\x44\x43"
	"\x33\x33\x74\xc6\xf6\xef\xd0\xea\xaa\xa0\x06\xde\xee\xee\xe6\xe6"
	"\xf6\xef\x66\x23\x44\x33\x34\x44\x44\x44\x44\x44\x43\x33\x33\x43"
	"\x33\x41\x49\xfd\x55\x5b\x55\xbc\x5a\x55\xaa\x55\x55\xa5\xa5\xa5"
	"\x55\x55\x5a\x5a\x55\xa5\x55\x55\x55\x55\x55\x55\x55\x55\x55\x55"
	"\x55\x55\x55\x55\x55\x55\x55\x55\x55\x5a\x5f\x66\x66\x66\x66\x66"
	"\x66\x66\x66\x66\x66\x66\x99\x88\x88\x88\x88\x88\x34\x33\x43\x44"
	"\x44\x44\x44\x44\x44\x44\x44\x44\x44\x44\x44\x44\x44\x44\x44\x44"
	"\x44\x44\x44\x43\x43\x44\x18\x06\x66\xe6\xee\xee\xee\xee\xee\xe6"
	"\xee\x66\x0e\x92\x77\x22\x86\x0f\xdf\xe6\x6f\x66\x66\x73\x43\x43"
	"\x33\x33\x33\x33\x33\x33\x33\x33\x40\x66\x66\x6d\x66\x66\x66\xd6"
	"\xd6\xe6\xdd\x66\xdd\x66\xdd\x6d\x6f\x83\x43\x33\x33\x44\x44\x44"
	"\x44\x43\x44\x50\x66\xee\x6f\x6f\x0f\x06\x6e\xee\xee\xee\xee\xee"
	"\xe6\x6e\xfb\x73\x44\x43\x33\x34\x44\x44\x44\x44\x43\x33\x33\x41"
	"\x73\x33\x3b\xfb\x55\x5b\x55\xdd\x55\xa5\x55\x55\xa5\x55\x55\x55"
	"\x55\xa5\x55\x55\x55\x55\x55\x55\x55\x55\x55\x55\x55\x55\x55\x55"
	"\x55\x55\x55\x55\x55\x55\x55\x55\x55\xaa\x5e\x66\x66\x66\x66\x66"
	"\x66\x66\x66\x66\xf6\x60\x92\x88\x89\x88\x88\x88\x43\x33\x44\x44"
	"\x44\x44\x44\x44\x44\x44\x44\x44\x44\x44\x44\x44\x44\x44\x44\x44"
	"\x44\x44\x44\x43\x34\x34\x32\xef\x66\x6e\xee\xee\xee\xee\xee\xe6"
	"\xee\xee\xdf\xf6\xdd\x60\x0f\xe6\xfe\x66\xe6\x6e\xeb\x33\x31\x43"
	"\x33\x33\x33\x33\x33\x33\x33\x33\x16\xe6\x6d\x6d\x6d\x6d\x66\xee"
	"\x6d\x66\x66\x6d\x66\x66\x66\xd6\x6f\x81\x43\x33\x33\x44\x44\x44"
	"\x44\x44\x33\x90\x66\x6e\xee\xe6\xf6\x6f\xde\x6e\xee\xee\xe6\xee"
	"\x6e\xf6\x0a\x14\x44\x43\x33\x34\x44\x44\x44\x44\x43\x33\x33\x43"
	"\x73\x34\x4c\xc5\x55\x55\x55\xdd\x5a\x55\x5a\x55\x55\x55\x55\x55"
	"\xa5\x55\x55\x55\x55\x55\x55\xa5\x5a\x55\xa5\x5a\x55\xa5\x5a\x55"
	"\xa5\x5a\x55\xa5\x5a\x55\xa5\x55\x55\x55\xa6\xe6\x66\x66\x66\x66"
	"\x66\x66\x66\x66\xee\x6f\x52\x88\x88\x88\x88\x98\x73\x33\x34\x34"
	"\x44\x44\x44\x44\x44\x44\x44\x44\x44\x44\x44\x44\x44\x44\x44\x44"
	"\x44\x44\x44\x44\x34\x34\x33\x5f\x6e\xee\x6e\xee\xee\xee\xee\xef"
	"\x66\x6f\xe6\xfe\xf6\xef\xde\xfe\x6e\x6e\x66\xfe\x09\x33\x33\x43"
	"\x33\x33\x33\x33\x33\x33\x33\x34\x1b\xe6\x66\x66\x6d\x66\x6d\xdd"
	"\x6e\x6d\xdd\x66\xdd\xd6\x6d\x6d\xde\x21\x73\x43\x33\x44\x44\x43"
	"\x43\x44\x31\x8f\xee\xee\xf6\xee\xe6\xe6\xfe\x6e\xe6\xe6\xee\xee"
	"\x6e\xe6\x08\x14\x44\x44\x33\x34\x44\x44\x44\x44\x43\x33\x33\x44"
	"\x44\x43\x7c\x55\x55\x55\x5c\xdc\x55\x55\x55\x55\x55\x55\xa5\x55"
	"\x55\x55\x55\xa5\x5a\x55\x55\x55\x55\x55\x55\x55\x55\x55\x55\x55"
	"\x55\x55\x55\x55\x55\x55\x55\x55\x55\x55\xad\xf6\x66\x66\x66\x66"
	"\x66\x66\x66\x6e\xde\xe6\xd2\x88\x88\x88\x88\x88\x73\x34\x44\x34"
	"\x44\x44\x44\x44\x44\x44\x44\x44\x44\x44\x44\x44\x44\x44\x44\x44"
	"\x44\x44\x44\x44\x33\x41\x34\x90\x6e\x6f\x6e\xee\xee\xee\xee\xe6"
	"\xee\xe6\xee\x6e\x6f\xee\xe6\xfe\x6f\xe6\x66\xee\x02\x14\x34\x43"
	"\x33\x33\x33\x33\x33\x33\x33\x37\x3a\xf6\xd6\xd6\x66\x6d\x66\x66"
	"\x6d\x66\x66\xd6\xd6\x6d\x66\xd6\xde\x23\x44\x43\x34\x44\x44\x43"
	"\x44\x37\x33\x70\x6e\xe6\xe6\xe6\xe6\xee\x66\xee\xee\xee\x6e\xee"
	"\xf6\x6f\x07\x74\x44\x44\x33\x34\x44\x44\x44\x44\x43\x33\x33\x47"
	"\x37\x43\x2d\x55\x5b\x55\x5d\xdb\xa5\x55\x55\x55\x55\x55\x55\x5a"
	"\x55\xa5\x55\x55\x55\x55\x55\x55\x55\x55\x55\x55\x55\x55\x55\x55"
	"\x55\x55\x55\x55\x55\x55\x55\x55\x55\xa5\xac\xe6\x66\x66\x66\x66"
	"\x66\x66\x66\x6e\x66\x6e\x08\x88\x88\x88\x98\x88\x21\x43\x34\x44"
	"\x44\x44\x44\x44\x44\x44\x44\x44\x44\x44\x44\x44\x44\x44\x44\x44"
	"\x44\x44\x44\x43\x44\x74\x33\x10\x66\xee\x6e\xee\x6e\x6e\xee\xee"
	"\xee\xee\xee\xee\xee\xee\xee\xee\xee\x6e\x66\xef\x61\x34\x33\x34"
	"\x44\x44\x44\x44\x44\x44\x44\x43\x19\xf6\x6d\x66\xd6\xd6\x6d\x6d"
	"\x66\x6d\x6d\x66\x6d\x66\x6d\x6d\x6d\x23\x44\x34\x44\x44\x44\x43"
	"\x34\x44\x43\x3d\xff\x6e\x6e\x6e\xee\xe6\xe6\xe6\x6e\x6e\xee\x6e"
	"\xfe\xef\xd1\x74\x43\x33\x33\x34\x44\x44\x44\x44\x44\x33\x44\x34"
	"\x74\x43\x9c\xb5\x5b\x55\xbd\x65\x55\xa5\x55\x55\x55\x55\x55\x55"
	"\x55\x55\x55\x55\x55\x55\x55\x55\x55\x55\x55\x55\x55\x55\x55\x55"
	"\x55\x55\x55\x55\x55\x55\x55\x55\x55\x55\xac\x66\x66\x66\x66\x66"
	"\x66\x66\x66\x66\xe6\x66\x09\x88\x88\x89\x88\x88\x23\x43\x34\x44"
	"\x44\x44\x44\x44\x44\x44\x44\x44\x44\x44\x44\x44\x44\x44\x44\x44"
	"\x44\x44\x44\x43\x44\x44\x31\x15\xff\xee\xe6\xee\xee\xee\xe6\xee"
	"\x6e\x6e\x6e\x6e\x6e\x6e\x6e\x6e\x66\xe6\x6e\x60\x93\x33\x74\x44"
	"\x44\x44\x44\x44\x44\x44\x44\x43\x19\x06\x66\x6d\x6d\x66\xd6\xd6"
	"\xd6\xd6\xd6\x6d\xd6\xd6\xd6\xdd\x6d\x24\x44\x34\x44\x44\x44\x43"
	"\x34\x47\x43\x39\x0e\x6e\xf6\xf6\xe6\xee\xee\xe6\xe6\xee\x6e\xef"
	"\xdf\xe0\x91\x14\x43\x33\x33\x34\x44\x44\x44\x44\x44\x33\x44\x34"
	"\x47\x44\xab\x55\xb5\x55\xbd\x65\x55\x55\x55\x55\x55\x55\x55\x55"
	"\x55\x55\x55\x55\x55\x55\x55\x55\x55\x55\x55\x55\x55\x55\x55\x55"
	"\x55\x55\x55\x55\x55\x55\x55\x55\x55\x5a\x5b\x66\x66\x66\x66\x66"
	"\x66\x66\x66\x66\xe6\x66\xf5\x88\x88\x88\x89\x89\x81\x44\x34\x44"
	"\x44\x44\x44\x44\x44\x44\x44\x44\x44\x44\x44\x44\x44\x44\x44\x44"
	"\x44\x44\x44\x43\x44\x44\x33\x12\xfe\xee\xee\xe6\xe6\xe6\xee\x6e"
	"\xee\xee\xee\xee\xee\xee\xee\xee\xee\x6f\xf6\xfd\x47\x73\x43\x34"
	"\x44\x44\x44\x44\x44\x44\x44\x44\x18\xf6\x6d\x66\x66\xd6\x6d\x66"
	"\x6d\x66\xd6\xd6\x6d\x6d\x6d\x66\xd6\x73\x34\x34\x44\x44\x44\x43"
	"\x34\x44\x43\x12\xee\xee\x6e\x6e\xee\x6e\x6e\x6e\x66\x6e\xe6\xee"
	"\xe6\xf6\x77\x14\x43\x33\x33\x34\x44\x44\x44\x44\x44\x33\x44\x37"
	"\x43\x37\xa5\xb5\x5b\x55\xcd\xd5\x55\x55\x55\x55\x55\x55\x55\x55"
	"\x55\x55\x55\x55\x55\x55\x55\x55\x55\x55\x55\x55\x55\x55\x55\x55"
	"\x55\x55\x55\x55\x55\x55\x55\x55\x5a\x55\x55\xde\x66\x66\x66\x66"
	"\x66\x66\x66\x66\x66\xee\xfd\x88\x88\x88\x88\x88\x91\x34\x37\x44"
	"\x44\x44\x44\x44\x44\x44\x44\x44\x44\x44\x44\x44\x44\x44\x44\x44"
	"\x44\x44\x44\x43\x44\x44\x33\x33\x5f\x6e\x6e\xee\xee\xee\x6e\xee"
	"\xee\xee\xee\xee\xee\xee\xee\xee\x6e\x66\x6e\x09\x11\x13\x44\x34"
	"\x44\x44\x44\x44\x44\x44\x44\x44\x12\xfd\x66\xd6\xd6\x6d\x66\xd6"
	"\xd6\xd6\x6d\x6d\x6d\x6d\x66\xd6\x6d\x24\x34\x44\x44\x44\x44\x43"
	"\x34\x44\x43\x37\xaf\xf6\xee\x66\xee\xee\xee\xe6\xee\xe6\xee\xee"
	"\xfe\x65\x34\x44\x43\x33\x33\x34\x44\x44\x44\x44\x44\x33\x44\x34"
	"\x44\x12\xc5\xb5\xbb\x55\xcd\xd5\x55\x55\xa5\x55\x55\x55\x55\x55"
	"\x55\x55\x55\x55\x55\x55\x55\x55\x55\x55\x55\x55\x55\x55\x55\x55"
	"\x55\x55\x55\x55\x55\x55\x55\x55\x55\x55\x55\xde\x66\x66\x66\x66"
	"\xe6\x6e\x6e\x66\x66\x66\x6e\x98\x88\x88\x88\x88\x93\x14\x34\x44"
	"\x44\x44\x44\x44\x44\x44\x44\x44\x44\x44\x44\x44\x44\x44\x44\x44"
	"\x44\x44\x44\x44\x44\x44\x33\x33\x2f\xe6\xee\x6e\x6e\x6e\xee\x6e"
	"\xee\xee\xee\xee\xee\xee\xee\xee\xe6\x6e\x6f\xf1\x77\x74\x13\x34"
	"\x44\x44\x44\x44\x44\x44\x44\x44\x32\xf6\x6d\x66\x66\xd6\x6d\x6d"
	"\x66\x6d\x66\x6d\x6d\x6d\x6d\x6d\x6d\x73\x34\x44\x44\x44\x44\x43"
	"\x44\x44\x43\x34\x20\x66\xf6\xee\xe6\xe6\xe6\xe6\xe6\xee\xee\xe6"
	"\xfd\x08\x11\x44\x43\x33\x33\x34\x44\x44\x44\x44\x44\x33\x44\x33"
	"\x44\x18\xc5\x55\x55\x55\xcd\xda\x55\x55\x55\x55\x55\x55\x55\x55"
	"\x55\x55\x55\x55\x55\x55\x55\x55\x55\x55\x55\x55\x55\x55\x55\x55"
	"\x55\x55\x55\x55\x55\x55\x55\x55\x55\x55\x5a\xce\xe6\x66\x66\x66"
	"\x66\xe6\x66\x66\xe6\x66\x6f\x52\x88\x89\x88\x98\x82\x14\x44\x44"
	"\x44\x44\x44\x44\x44\x44\x44\x44\x44\x44\x44\x44\x44\x44\x44\x44"
	"\x44\x44\x44\x44\x44\x43\x33\x33\x15\x06\x66\x6e\xee\xee\xe6\xee"
	"\xee\xee\xee\xee\xee\xee\xee\xee\x66\xe6\xef\x94\x41\x11\x47\x34"
	"\x44\x44\x44\x44\x44\x44\x44\x44\x12\xf6\x66\x6d\x6d\x66\xd6\xd6"
	"\x6d\xd6\xdd\xd6\xd6\xd6\xdd\x6d\x6d\x23\x34\x44\x44\x44\x44\x44"
	"\x44\x44\x33\x33\x1d\xf6\x6e\xee\x6e\xee\xee\xee\xee\xee\xee\xee"
	"\x6f\x61\x37\x74\x43\x33\x33\x34\x44\x44\x44\x44\x44\x33\x44\x33"
	"\x44\x3a\xc5\x5b\x55\xb5\xdd\xc5\x55\x55\x55\x55\x55\x55\x55\x55"
	"\x55\x55\x55\x55\x55\x55\x55\x55\x55\x55\x55\x55\x55\x55\x55\x55"
	"\x55\x55\x55\x55\x55\x55\x55\x55\x55\x55\x55\xbe\xe6\x66\x66\x66"
	"\xe6\x66\xe6\xe6\x6e\x66\x6f\x68\x89\x88\x88\x88\x82\x34\x43\x44"
	"\x44\x44\x44\x44\x44\x44\x44\x44\x44\x44\x44\x44\x44\x44\x44\x44"
	"\x44\x44\x44\x44\x43\x33\x34\x43\x47\xdf\x66\x66\xe6\xe6\xee\xee"
	"\xee\xee\xee\xee\xee\xee\xee\xe6\xfe\x6e\x0a\x11\x17\x73\x14\x34"
	"\x44\x44\x44\x44\x44\x44\x44\x44\x32\xf6\x66\xd6\xd6\x6d\x6d\x66"
	"\xd6\x6d\x66\x6d\x6d\x6d\x66\xd6\x6d\x73\x33\x44\x44\x44\x44\x44"
	"\x44\x33\x34\x43\x32\x06\x6e\x6e\xee\x6e\x6e\x6e\x6e\xee\xee\xef"
	"\xd0\x81\x74\x74\x43\x33\x33\x34\x44\x44\x44\x44\x44\x33\x44\x34"
	"\x43\x75\xb5\xb5\x55\x5b\xd6\xb5\x55\x55\x55\x55\x55\x55\x55\x55"
	"\x55\x55\x55\x55\x55\x55\x55\x55\x55\x55\x55\x55\x55\x55\x55\x55"
	"\x55\x55\x55\x55\x55\x55\x55\x55\x55\x55\x55\xbe\xe6\x66\x66\x66"
	"\x6e\x66\x66\x66\x6e\x6e\xee\x09\x28\x98\x88\x88\x88\x37\x43\x44"
	"\x44\x44\x44\x44\x44\x44\x44\x44\x44\x44\x44\x44\x44\x44\x44\x44"
	"\x44\x44\x44\x44\x43\x33\x44\x44\x71\x8f\x6e\x6e\xee\xee\x6e\xee"
	"\xee\xee\xee\xee\xee\xee\xee\xee\x6e\xef\x07\x13\x33\x34\x44\x44"
	"\x44\x44\x44\x44\x44\x44\x44\x44\x12\xf6\xd6\x66\x6d\x66\xd6\xdd"
	"\x6d\x66\xdd\x6d\x6d\x6d\xdd\x6d\x66\x73\x33\x44\x44\x44\x44\x44"
	"\x44\x33\x34\x43\x33\xa0\xff\xe6\xee\xee\xee\xee\xee\xee\xee\x66"
	"\x0a\x37\x47\x44\x43\x33\x33\x34\x44\x44\x44\x44\x44\x33\x44\x34"
	"\x34\x7d\x55\x55\x55\x55\xdd\x55\x5a\x5a\x55\x55\x55\x55\x55\x55"
	"\x55\x55\x55\x55\x55\x55\x55\x55\x55\x55\x55\x55\x55\x55\x55\x55"
	"\x55\x55\x55\x55\x55\x55\x55\x55\x55\x55\x55\x56\xe6\x6e\x6e\xe6"
	"\x66\x6e\x6e\x6e\x66\x6e\x66\x65\x88\x89\x88\x88\x88\x71\x44\x74"
	"\x44\x44\x44\x44\x44\x44\x44\x44\x44\x44\x44\x44\x44\x44\x44\x44"
	"\x44\x44\x44\x44\x44\x44\x44\x43\x37\x4a\x06\xee\xee\xef\x6f\xee"
	"\xee\xee\xe6\x6e\x6e\xee\x66\xe6\xf6\x6f\x23\x33\x33\x33\x33\x34"
	"\x44\x44\x44\x44\x44\x44\x44\x44\x38\xfd\x6d\xdd\x66\xd6\xd6\x66"
	"\xd6\xdd\x66\x6d\xd6\xd6\x66\xd6\x6d\x73\x14\x74\x44\x44\x44\x44"
	"\x44\x44\x44\x43\x47\x4f\xf6\x6e\x6e\xee\xee\xee\x66\x66\xfe\x6f"
	"\x07\x17\x14\x43\x33\x33\x33\x34\x44\x44\x44\x44\x44\x33\x44\x34"
	"\x31\x8c\x55\x55\x55\x5b\xdd\xa5\x55\x55\x55\x55\x55\x55\x55\x55"
	"\x55\x55\x55\x55\x55\x55\x55\x55\x55\x55\x55\x55\x55\x55\x55\x55"
	"\x55\x55\x55\x55\x55\x55\x55\x55\x55\x55\x55\x5d\xe6\x66\xe6\x66"
	"\x66\xe6\x66\x66\x6e\xe6\x6e\x66\x89\x88\x88\x88\x88\x21\x47\x44"
	"\x44\x44\x44\x44\x44\x44\x44\x44\x44\x44\x44\x44\x44\x44\x44\x44"
	"\x44\x44\x44\x44\x44\x44\x44\x41\x74\x17\xc0\xe6\xef\xe6\xfe\x6e"
	"\xee\xee\xee\xee\xe6\x66\xfe\xee\x6e\x09\x73\x73\x33\x33\x33\x34"
	"\x44\x44\x44\x44\x44\x44\x44\x47\x18\xf6\x6d\x66\x6d\x6d\x66\xdd"
	"\x66\xd6\x6d\xd6\x6d\xd6\xdd\x6d\x66\x21\x33\x44\x44\x44\x44\x44"
	"\x44\x44\x44\x44\x31\x38\x0f\x6e\x6e\xf6\x66\xe6\x6f\x66\xde\xf0"
	"\x93\x44\x41\x43\x33\x33\x33\x34\x44\x44\x44\x44\x44\x33\x44\x33"
	"\x44\xab\xb5\x55\x55\x5b\xdd\x55\x55\x55\x55\x55\x55\x55\x55\x55"
	"\x55\x55\x55\x55\x55\x55\x55\x55\x55\x55\x55\x55\x55\x55\x55\x55"
	"\x55\x55\x55\x55\x55\x55\x55\x55\x55\x55\x55\x5c\xee\xe6\x66\x66"
	"\x66\x6e\x6e\x6e\x66\x6e\xe6\x60\x92\x88\x89\x88\x88\x23\x44\x44"
	"\x44\x44\x44\x44\x44\x44\x44\x44\x44\x44\x44\x44\x44\x44\x44\x44"
	"\x44\x44\x44\x44\x44\x44\x44\x44\x13\x74\x1d\x0e\xd6\xe6\xe6\xfe"
	"\xee\xee\xee\xe6\xee\xfe\x6e\xe6\xf0\x91\x43\x73\x33\x33\x33\x34"
	"\x44\x44\x44\x44\x44\x44\x44\x44\x39\xfd\x6d\x6d\xd6\xd6\x6d\x66"
	"\xdd\x66\xd6\x6d\xd6\x6d\x66\xd6\xd6\x23\x33\x44\x44\x44\x44\x44"
	"\x44\x44\x44\x43\x74\x71\x20\x66\xf6\x6e\xf6\xe6\x06\x6e\x66\x09"
	"\x17\x41\x43\x43\x33\x33\x33\x34\x44\x44\x44\x44\x44\x33\x44\x33"
	"\x47\xab\x55\x5b\x55\x5c\xdc\x55\x55\x55\x55\x55\x55\x55\x55\x55"
	"\x55\x55\x55\x55\x55\x55\x55\x55\x55\x55\x55\x55\x55\x55\x55\x55"
	"\x55\x55\x55\x55\x55\x55\x55\x55\x55\x55\x55\x5c\xe6\xe6\x66\x66"
	"\x66\x66\x66\x66\xe6\x66\x6e\x6e\xd2\x98\x88\x88\x88\x83\x37\x44"
	"\x44\x44\x44\x44\x44\x44\x44\x44\x44\x44\x44\x44\x44\x44\x44\x44"
	"\x44\x44\x44\x44\x44\x44\x44\x44\x34\x33\x74\x50\xf6\x6e\xee\x6e"
	"\xee\xee\xee\xee\xe6\x6f\x6f\xee\xf8\x13\x44\x13\x33\x33\x33\x34"
	"\x44\x44\x44\x44\x44\x44\x44\x47\x49\xe6\x6d\x66\x6d\x6d\xd6\xd6"
	"\x66\xdd\x6d\x66\xdd\xd6\xd6\x6d\x6f\x21\x34\x44\x44\x44\x44\x44"
	"\x44\x44\x44\x44\x73\x73\x18\x0e\xee\xf6\x6e\x6e\x66\xff\x60\x51"
	"\x13\x47\x33\x33\x33\x33\x33\x34\x44\x44\x44\x44\x44\x33\x44\x33"
	"\x42\xba\x55\x55\x55\x5c\xdb\xa5\x55\x55\x55\x55\x55\x55\x55\x55"
	"\x55\x55\x55\x55\x55\x55\x55\x55\x55\x55\x55\x55\x55\x55\x55\x55"
	"\x55\x55\x55\x55\x55\x55\x55\x55\x55\x55\x55\x5b\x66\xe6\x66\x66"
	"\x66\xe6\xe6\xe6\x66\xe6\xe6\xe6\x09\x88\x82\x98\x88\x94\x17\x44"
	"\x44\x44\x44\x44\x44\x44\x44\x44\x44\x44\x44\x44\x44\x44\x44\x44"
	"\x44\x44\x44\x44\x44\x44\x44\x44\x43\x34\x37\x3a\x06\xe6\x6e\xee"
	"\x6e\x6e\xee\xe6\xe6\x66\xfd\x0b\x21\x41\x17\x33\x33\x33\x33\x34"
	"\x44\x44\x44\x44\x44\x44\x44\x47\x1a\xf6\xd6\x6d\x66\xd6\x6d\x6d"
	"\x6d\x66\xd6\xdd\x66\x6d\x6d\x6d\xdf\x81\x47\x34\x44\x44\x44\x44"
	"\x44\x44\x44\x44\x17\x13\x71\x7d\x0e\xf6\xff\xee\xef\x6e\x09\x73"
	"\x31\x34\x43\x43\x33\x33\x33\x34\x44\x44\x44\x44\x44\x33\x44\x37"
	"\x19\xbb\x5b\x55\x5b\x5d\xd5\x55\x55\x55\x55\x55\x55\x55\x55\x55"
	"\x55\x55\x55\x55\x55\x55\x55\x55\x55\x55\x55\x55\x55\x55\x55\x55"
	"\x55\x55\x55\x55\x55\x55\x55\x55\x55\x55\x55\x5b\x66\x66\x66\x66"
	"\x66\x66\x66\x66\x6e\x66\x66\x66\xfb\x88\x88\x88\x88\x87\x34\x44"
	"\x44\x44\x44\x44\x44\x44\x44\x44\x44\x44\x44\x44\x44\x44\x44\x44"
	"\x44\x44\x44\x44\x44\x44\x44\x43\x73\x47\x31\x34\x80\x0f\xee\xde"
	"\xee\xee\xee\xee\x6e\xff\xe0\xa4\x13\x44\x31\x73\x33\x33\x33\x34"
	"\x44\x44\x44\x44\x44\x44\x44\x44\x3c\xe6\xd6\xd6\xdd\x66\xd6\xd6"
	"\xdd\x6d\xd6\xd6\x6d\xd6\xd6\xdd\x6f\x93\x47\x34\x44\x44\x44\x44"
	"\x44\x44\x44\x41\x44\x71\x37\x47\x90\xf0\x0e\xef\xf0\x0d\x81\x33"
	"\x44\x31\x34\x43\x33\x33\x33\x34\x44\x44\x44\x44\x44\x33\x44\x34"
	"\x7a\xb5\x55\x55\xbb\x5d\xd5\xa5\x55\x55\x55\x55\x55\x55\x55\x55"
	"\x55\x55\x55\x55\x55\x55\x55\x55\x55\x55\x55\x55\x55\x55\x55\x55"
	"\x55\x55\x55\x55\x55\x55\x55\x55\x55\x55\x55\x55\xde\x66\x66\x66"
	"\x66\xe6\xe6\xe6\x66\x6e\x6e\x6e\x6e\x92\x89\x88\x88\x82\x33\x44"
	"\x44\x44\x44\x44\x44\x44\x44\x44\x44\x44\x44\x44\x44\x44\x44\x44"
	"\x44\x44\x44\x44\x44\x44\x44\x47\x17\x31\x71\x31\x31\x96\x0f\xf6"
	"\x66\x66\xee\xef\xef\x06\x53\x13\x34\x77\x37\x13\x33\x33\x33\x34"
	"\x44\x44\x44\x44\x44\x44\x44\x44\x16\x66\xd6\x6d\x66\xdd\x6d\x6d"
	"\xd6\xdd\x6d\x6d\xdd\x6d\x6d\x6d\xdf\x93\x44\x44\x44\x44\x44\x44"
	"\x44\x44\x44\x44\x73\x17\x47\x13\x11\x8a\xab\xdb\xa9\x81\x13\x43"
	"\x31\x47\x13\x33\x33\x33\x33\x34\x44\x44\x44\x44\x44\x33\x44\x31"
	"\x7c\x55\x55\x55\xb5\xbd\xd5\xa5\x55\x55\x55\x55\x55\x55\x55\x55"
	"\x55\x55\x55\x55\x55\x55\x55\x55\x55\x55\x55\x55\x55\x55\x55\x55"
	"\x55\x55\x55\x55\x55\x55\x55\x55\x55\x55\x55\x55\xdf\x66\x66\x66"
	"\x66\x66\x66\x66\x66\x66\x66\x66\xef\xa2\x88\x88\x88\x88\x33\x44"
	"\x44\x44\x44\x44\x44\x44\x44\x44\x44\x44\x44\x44\x44\x44\x44\x44"
	"\x44\x44\x44\x44\x44\x44\x44\x43\x44\x43\x34\x37\x37\x17\x8d\x00"
	"\x00\x00\x00\x00\x0d\x92\x13\x47\x34\x34\x71\x73\x33\x33\x33\x34"
	"\x44\x44\x44\x44\x44\x44\x44\x44\x1f\x66\x6d\xd6\xd6\x6d\xd6\xd6"
	"\x6d\x66\xd6\xd6\x66\xd6\xd6\xd6\xde\x93\x43\x44\x44\x44\x44\x44"
	"\x44\x44\x44\x44\x14\x33\x34\x33\x31\x33\x17\x43\x33\x14\x33\x44"
	"\x17\x31\x43\x73\x33\x33\x33\x34\x44\x44\x44\x44\x44\x33\x47\x37"
	"\x2d\x55\xbb\x5b\x55\xcd\xda\x55\x55\x55\x55\x55\x55\x55\x55\x55"
	"\x55\x55\x55\x55\x55\x55\x55\x55\x55\x55\x55\x55\x55\x55\x55\x55"
	"\x55\x55\x55\x55\x55\x55\x55\x55\x55\x55\x55\x55\xbe\x66\xd6\x66"
	"\x66\x6e\x6e\x6e\x6e\x6e\x6e\x6e\x6e\x02\x88\x88\x88\x89\x23\x43"
	"\x33\x34\x44\x44\x44\x43\x33\x34\x44\x44\x44\x44\x44\x44\x44\x44"
	"\x44\x44\x44\x44\x44\x44\x44\x44\x44\x44\x44\x44\x33\x33\x33\x38"
	"\x89\xaa\x99\x92\x71\x11\x44\x14\x44\x44\x44\x44\x44\x44\x44\x44"
	"\x44\x43\x33\x34\x44\x44\x44\x44\x2f\x6d\xd6\x6d\x6d\xd6\xdd\x6d"
	"\xd6\xdd\x6d\x6d\xdd\x6d\x6d\x6d\x66\x53\x43\x44\x44\x44\x44\x44"
	"\x44\x44\x44\x44\x44\x44\x44\x44\x44\x44\x44\x43\x33\x33\x33\x34"
	"\x44\x44\x44\x44\x44\x44\x44\x44\x44\x44\x44\x43\x43\x43\x74\x47"
	"\x9c\x55\xb5\x5b\x5a\xcd\xc5\x55\x55\x55\x55\x55\x55\x55\x55\x55"
	"\x55\x55\x55\x55\x55\x55\x55\x55\x55\x55\x55\x55\x55\x55\x55\x55"
	"\x55\x55\x55\x55\x55\x55\x55\x55\x55\x55\x55\x55\x56\x66\x66\x66"
	"\x66\x66\x66\x66\x66\x66\x66\x66\x66\xfa\x82\x98\x88\x88\x24\x43"
	"\x33\x34\x44\x44\x44\x43\x33\x34\x44\x44\x44\x44\x44\x44\x44\x44"
	"\x44\x44\x44\x44\x44\x44\x44\x44\x44\x44\x44\x43\x33\x33\x33\x31"
	"\x11\x11\x13\x14\x33\x34\x44\x44\x44\x44\x44\x44\x44\x44\x44\x44"
	"\x44\x43\x33\x34\x44\x44\x44\x41\x80\xd6\xdd\xd6\xd6\x6d\x66\xdd"
	"\x6d\xd6\xd6\xdd\x66\xdd\xdd\xdd\x66\x53\x44\x44\x44\x44\x44\x44"
	"\x44\x44\x44\x44\x44\x44\x44\x44\x44\x44\x44\x43\x33\x33\x33\x34"
	"\x44\x44\x44\x44\x44\x44\x44\x44\x44\x44\x44\x44\x33\x43\x47\x17"
	"\x55\xcb\x55\x5b\x55\xdd\xb5\x55\x55\x55\x55\x55\x55\x55\x55\x55"
	"\x55\x55\x55\x55\x55\x55\x55\x55\x55\x55\x55\x55\x55\x55\x55\x55"
	"\x55\x55\x55\x55\x55\x55\x55\x55\x55\x55\x55\x55\x56\x66\x66\x66"
	"\x66\x6e\x6e\x6e\x6e\x6e\x6e\x66\x66\x66\x88\x88\x98\x88\x84\x13"
	"\x33\x34\x44\x44\x44\x43\x33\x34\x44\x44\x44\x44\x44\x44\x44\x44"
	"\x44\x44\x44\x44\x44\x44\x44\x44\x44\x44\x44\x43\x33\x44\x44\x44"
	"\x47\x44\x31\x13\x34\x44\x44\x44\x44\x44\x44\x44\x44\x44\x44\x44"
	"\x44\x43\x33\x34\x44\x44\x33\x31\xaf\xdd\x6d\x6d\x6d\xd6\xdd\xd6"
	"\xdd\x6d\x6d\xd6\xdd\x6d\x6d\x6d\xde\xc1\x44\x44\x44\x44\x44\x44"
	"\x44\x44\x44\x44\x44\x44\x44\x44\x44\x44\x44\x43\x33\x33\x33\x34"
	"\x44\x44\x44\x44\x44\x44\x44\x44\x44\x44\x44\x44\x33\x44\x34\x38"
	"\xca\x55\x5b\x5b\xbb\xdc\x55\x55\x55\x55\x55\x55\x55\x55\x55\x55"
	"\x55\x55\x55\x55\x55\x55\x55\x55\x55\x55\x55\x55\x55\x55\x55\x55"
	"\x55\x55\x55\x55\x55\x55\x55\x55\x55\x55\x55\x55\xad\xe6\x66\xe6"
	"\x66\x66\x66\x66\x66\x66\x66\x66\xe6\x60\x52\x88\x88\x88\x82\x13"
	"\x33\x34\x44\x44\x44\x43\x33\x34\x44\x44\x44\x44\x44\x44\x44\x44"
	"\x44\x44\x44\x44\x44\x44\x44\x44\x44\x44\x44\x43\x34\x44\x44\x47"
	"\x44\x33\x34\x44\x43\x33\x33\x34\x44\x44\x44\x44\x44\x44\x44\x44"
	"\x44\x43\x33\x34\x44\x43\x33\x37\xa6\x6d\x66\x6d\xd6\xdd\x6d\x6d"
	"\x6d\x6d\x6d\x6d\x6d\xd6\xd6\xd6\xdd\x63\x13\x74\x44\x44\x44\x44"
	"\x44\x44\x44\x44\x44\x44\x44\x44\x44\x44\x44\x44\x44\x44\x44\x44"
	"\x44\x44\x44\x44\x44\x44\x44\x44\x44\x44\x44\x43\x34\x44\x44\x39"
	"\x5c\x5b\x55\x55\x5c\xdc\xa5\x55\x55\x55\x55\x55\x55\x55\x55\x55"
	"\x55\x55\x55\x55\x55\x55\x55\x55\x55\x55\x55\x55\x55\x55\x55\x55"
	"\x55\x55\x55\x55\x55\x55\x55\x55\x55\x55\x55\x55\xac\x66\x66\x66"
	"\x66\x66\xe6\xe6\xe6\xe6\xe6\xe6\xe6\x6e\x02\x98\x88\x88\x82\x43"
	"\x33\x34\x44\x44\x44\x43\x33\x34\x44\x44\x44\x44\x44\x44\x44\x44"
	"\x44\x44\x44\x44\x44\x44\x44\x44\x44\x44\x44\x43\x34\x44\x44\x43"
	"\x34\x74\x44\x33\x44\x33\x34\x44\x44\x44\x44\x44\x44\x44\x44\x44"
	"\x44\x43\x33\x33\x33\x33\x33\x37\xd6\x6d\xd6\xd6\xdd\x6d\xd6\xd6"
	"\xd6\xdd\xd6\xd6\xd6\xdd\xdd\xdd\xd6\xf7\x13\x74\x44\x44\x44\x44"
	"\x44\x44\x44\x44\x44\x44\x44\x44\x44\x44\x44\x44\x44\x44\x44\x44"
	"\x44\x44\x44\x44\x44\x44\x44\x44\x44\x44\x44\x44\x34\x37\x41\x3d"
	"\x55\xa5\x55\xbb\xad\xdc\xb5\x55\x55\x55\x55\x55\x55\x55\x55\x55"
	"\x55\x55\x55\x55\x55\x55\x55\x55\x55\x55\x55\x55\x55\x55\x55\x55"
	"\x55\x55\x55\x55\x55\x55\x55\x55\x55\x55\x55\x55\xab\x66\x66\x66"
	"\x66\x6e\x66\x66\x66\x66\x66\x6e\x66\xe6\x05\x28\x88\x98\x88\x23"
	"\x33\x34\x44\x44\x44\x43\x33\x34\x44\x44\x44\x44\x44\x44\x44\x44"
	"\x44\x44\x44\x44\x44\x44\x44\x44\x44\x44\x44\x44\x44\x44\x44\x47"
	"\x43\x13\x34\x73\x33\x44\x44\x44\x44\x44\x44\x44\x44\x44\x44\x44"
	"\x44\x43\x33\x33\x33\x33\x33\x32\xfd\xd6\xdd\x6d\xd6\xdd\x6d\xdd"
	"\xdd\x6d\x6d\x6d\xdd\xd6\xd6\xd6\xdd\x02\x13\x34\x44\x44\x44\x44"
	"\x44\x44\x44\x44\x44\x44\x44\x44\x44\x44\x44\x44\x44\x44\x44\x44"
	"\x44\x44\x44\x44\x44\x44\x44\x44\x44\x44\x44\x44\x44\x47\x31\x2c"
	"\x5b\xb5\xa5\x5b\x5d\xcc\xb5\x55\x55\x55\x55\x55\x55\x55\x55\x55"
	"\x55\x55\x55\x55\x55\x55\x55\x55\x55\x55\x55\x55\x55\x55\x55\x55"
	"\x55\x55\x55\x55\x55\x55\x55\x55\x55\x55\x55\x55\xa5\x6e\x66\x66"
	"\x66\x66\xe6\xe6\xe6\xe6\xe6\xee\x66\xe6\x6f\x92\x88\x88\x89\x23"
	"\x33\x34\x44\x44\x44\x43\x33\x34\x44\x44\x44\x44\x44\x44\x44\x44"
	"\x44\x44\x44\x44\x44\x44\x44\x44\x44\x44\x44\x44\x44\x44\x33\x33"
	"\x34\x74\x43\x34\x43\x34\x43\x34\x44\x44\x44\x44\x44\x44\x44\x44"
	"\x44\x44\x44\x43\x33\x33\x33\x1a\xe6\xd6\xdd\x6d\x6d\x6d\xd6\xd6"
	"\xd6\xd6\xdd\xd6\xd6\xdd\xdd\xdd\xd6\xf2\x33\x14\x44\x44\x44\x44"
	"\x44\x44\x44\x44\x44\x44\x44\x44\x44\x44\x44\x44\x44\x44\x44\x44"
	"\x44\x44\x44\x44\x44\x44\x44\x44\x44\x44\x44\x44\x44\x44\x34\x9c"
	"\x55\x55\xbb\x55\xbd\xdb\x55\x55\x55\x55\x55\x55\x55\x55\x55\x55"
	"\x55\x55\x55\x55\x55\x55\x55\x55\x55\x55\x55\x55\x55\x55\x55\x55"
	"\x55\x55\x55\x55\x55\x55\x55\x55\x55\x55\x55\x55\x55\xd6\x66\x66"
	"\x66\x66\x66\x66\x66\x66\x66\x66\xe6\x6e\xef\xd2\x88\x89\x89\x83"
	"\x33\x34\x44\x44\x44\x43\x33\x34\x44\x44\x44\x44\x44\x44\x44\x44"
	"\x44\x44\x44\x44\x44\x44\x44\x44\x44\x44\x44\x44\x44\x43\x33\x34"
	"\x43\x33\x44\x43\x34\x43\x34\x44\x44\x44\x44\x44\x44\x44\x44\x44"
	"\x44\x44\x44\x43\x33\x33\x33\x3d\xdd\x6d\xd6\xdd\xdd\xd6\xdd\x6d"
	"\x6d\xdd\x6d\x6d\xdd\x6d\xd6\xd6\xdd\x09\x13\x14\x44\x44\x44\x44"
	"\x44\x44\x44\x44\x44\x44\x44\x44\x44\x44\x44\x44\x44\x44\x44\x44"
	"\x44\x44\x44\x44\x44\x44\x44\x44\x44\x44\x44\x44\x31\x47\x47\x5b"
	"\x5b\xb5\x55\xb5\xcd\xd5\x55\xb5\x55\x55\x55\x55\x55\x55\x55\x55"
	"\x55\x55\x55\x55\x55\x55\x55\x55\x55\x55\x55\x55\x5b\x55\x55\x55"
	"\x55\x55\x55\x55\x55\x55\x55\x55\x55\x5b\x55\x55\x55\xbe\x66\x66"
	"\x66\x6e\x6e\x6e\x6e\x6e\x6e\x6e\x66\xe6\x6e\x09\x88\x88\x88\x82"
	"\x13\x14\x43\x33\x33\x34\x43\x34\x44\x44\x44\x44\x44\x44\x44\x44"
	"\x44\x44\x44\x44\x44\x44\x44\x44\x44\x44\x44\x44\x44\x44\x44\x44"
	"\x44\x44\x44\x44\x44\x44\x44\x44\x44\x44\x44\x44\x44\x44\x44\x44"
	"\x44\x43\x33\x31\x34\x13\x17\x70\x66\xdd\xd6\xd6\xd6\xdd\x6d\xdd"
	"\xd6\xd6\xd6\xd6\xd6\xdd\x6d\xdd\xdd\xf9\x74\x34\x33\x34\x33\x34"
	"\x44\x44\x44\x44\x44\x44\x44\x44\x44\x44\x44\x44\x44\x44\x44\x44"
	"\x44\x44\x44\x44\x44\x44\x44\x43\x34\x44\x44\x41\x74\x47\x42\xc5"
	"\x55\x55\xb5\x55\xdd\xc5\x55\x55\x55\x55\x55\x55\x55\x55\x55\x55"
	"\x55\x55\x55\x55\x55\x55\x55\x55\x55\x55\x55\x55\x55\x55\xb5\x55"
	"\x55\x55\x55\x55\x55\x55\x55\x55\x55\x55\x5b\x55\x55\x5e\x66\x66"
	"\x66\x66\x66\x66\x66\x66\x66\x66\x66\x6e\xee\xed\x88\x88\x88\x88"
	"\x43\x33\x34\x33\x33\x34\x43\x34\x44\x44\x44\x44\x44\x44\x44\x44"
	"\x44\x44\x44\x44\x44\x44\x44\x44\x44\x44\x44\x44\x44\x44\x44\x44"
	"\x44\x44\x44\x44\x44\x44\x44\x44\x44\x44\x44\x44\x44\x44\x44\x44"
	"\x44\x43\x33\x31\x33\x31\x71\x80\xd6\xd6\xd6\x6d\x6d\x6d\xdd\xd6"
	"\xdd\xdd\xdd\xdd\xdd\xd6\xdd\x6d\xdd\xea\x74\x34\x33\x34\x33\x34"
	"\x44\x44\x44\x44\x44\x44\x44\x44\x44\x44\x44\x44\x44\x44\x44\x44"
	"\x44\x44\x44\x44\x44\x44\x44\x43\x34\x44\x44\x44\x14\x43\x3a\xb5"
	"\xb5\x55\x55\x5b\xdd\xc5\x55\x55\x55\x55\x55\x55\x55\x55\x55\x55"
	"\x55\x55\x55\x55\x55\x55\x55\x55\x55\x55\x55\x55\x55\x55\x55\x55"
	"\x55\x55\x55\x55\x55\x55\x55\x55\x55\x55\x55\x55\x55\x56\x66\x66"
	"\x66\x6e\x6e\x6e\x6e\x6e\x6e\x66\xe6\x66\xee\x6f\xa2\x88\x88\x89"
	"\x71\x43\x14\x33\x33\x34\x43\x34\x44\x44\x44\x44\x44\x44\x44\x44"
	"\x44\x44\x44\x44\x44\x44\x44\x44\x44\x44\x44\x44\x44\x44\x44\x44"
	"\x44\x44\x44\x44\x44\x44\x44\x44\x44\x44\x44\x44\x44\x44\x44\x43"
	"\x34\x43\x33\x34\x43\x74\x47\xae\x66\xdd\x6d\xdd\xdd\xd6\xd6\xdd"
	"\x6d\x6d\x6d\x6d\x6d\xdd\xdd\xdd\xdd\x6c\x74\x14\x33\x34\x43\x34"
	"\x44\x44\x44\x44\x44\x44\x44\x44\x44\x44\x44\x44\x44\x44\x44\x44"
	"\x44\x44\x44\x44\x44\x44\x44\x43\x34\x44\x44\x44\x17\x43\x7d\x55"
	"\x55\x55\xb5\x5b\xdc\xc5\x55\x55\x55\x55\x55\x55\x55\x55\x55\x55"
	"\x55\x55\x55\x55\x55\x55\x55\x55\x55\x55\x55\x55\x55\x55\x5b\x55"
	"\x55\x55\x55\x55\x55\x55\x55\x55\x55\xb5\x55\x5b\x55\xad\xe6\x66"
	"\x66\x66\x66\x66\x66\x66\x66\xe6\xe6\x66\x6e\x6d\x08\x28\x89\x88"
	"\x81\x43\x34\x33\x33\x34\x43\x34\x44\x44\x44\x44\x44\x44\x44\x44"
	"\x44\x44\x44\x44\x44\x44\x44\x44\x44\x44\x44\x44\x44\x44\x44\x44"
	"\x44\x44\x44\x44\x44\x44\x44\x44\x44\x44\x44\x44\x44\x44\x44\x43"
	"\x34\x43\x33\x31\x34\x14\x37\xd6\x6d\x6d\xd6\xdd\x6d\xdd\xdd\x6d"
	"\xdd\xdd\xdd\xdd\xd6\xd6\xd6\xdd\xd6\xd6\x23\x14\x33\x34\x43\x34"
	"\x44\x44\x44\x44\x44\x44\x44\x44\x44\x44\x44\x44\x44\x44\x44\x44"
	"\x44\x44\x44\x44\x44\x44\x44\x43\x34\x44\x44\x43\x77\x34\x8d\xb5"
	"\x55\x55\x55\x5c\xdc\x55\x55\x55\x55\x55\x55\x55\x55\x55\x55\x55"
	"\x55\x55\x55\x55\x55\x55\x55\x55\x55\x55\xb5\x55\xb5\xb5\x55\x55"
	"\x55\x55\x55\x55\x55\x55\x55\x55\x5b\x55\x5b\x55\x55\x5c\xe6\x66"
	"\x66\x66\xe6\xe6\xe6\xe6\xe6\x66\x66\x66\xe6\x6e\xfa\x88\x82\x98"
	"\x97\x34\x43\x33\x33\x34\x44\x44\x44\x44\x44\x44\x44\x44\x44\x44"
	"\x44\x44\x44\x44\x44\x44\x44\x44\x44\x44\x44\x44\x44\x44\x44\x44"
	"\x44\x44\x44\x44\x44\x44\x44\x44\x44\x44\x44\x44\x44\x44\x44\x43"
	"\x34\x43\x33\x31\x77\x13\x78\xf6\x6d\xd6\x6d\xd6\xdd\x6d\xdd\xdd"
	"\x6d\x6d\x6d\x6d\xdd\xdd\xdd\xdd\xdd\xde\x83\x33\x33\x34\x43\x34"
	"\x44\x44\x44\x44\x44\x44\x44\x44\x44\x44\x44\x44\x44\x44\x44\x44"
	"\x44\x44\x44\x44\x44\x44\x44\x43\x34\x44\x44\x43\x74\x37\xab\x55"
	"\x55\x5b\xb5\x5d\xcd\x55\x55\x55\x55\x55\x55\x55\xb5\xb5\xb5\x55"
	"\x55\x55\x55\x55\x55\x55\x55\xb5\xb5\x55\x55\x55\x55\x55\x5b\x5b"
	"\x5b\x5b\x5b\x5b\x5b\x5b\x5b\x55\x55\x55\xb5\x55\xb5\x5b\x66\x66"
	"\x66\x6e\x66\x66\x66\x66\x66\xe6\x66\x6e\xee\x6e\x6e\x88\x98\x88"
	"\x92\x34\x33\x33\x33\x34\x44\x44\x44\x44\x44\x44\x44\x44\x44\x44"
	"\x44\x44\x44\x44\x44\x44\x44\x44\x44\x44\x44\x44\x44\x44\x44\x44"
	"\x44\x44\x44\x44\x44\x44\x44\x44\x44\x44\x44\x44\x44\x44\x44\x43"
	"\x34\x43\x33\x34\x34\x41\x1c\x6d\xdd\x6d\xdd\xdd\xdd\xdd\x6d\x6d"
	"\xdd\xdd\xdd\xdd\xdd\xdd\xdd\xdd\xdd\xd6\xa1\x33\x33\x34\x43\x34"
	"\x44\x44\x44\x44\x44\x44\x44\x44\x44\x44\x44\x44\x44\x44\x44\x44"
	"\x44\x44\x44\x44\x44\x44\x44\x43\x34\x44\x44\x44\x34\x42\xbb\x55"
	"\x55\x55\x55\xbd\xcd\x55\xb5\x55\xb5\x55\xb5\x55\x55\x55\x55\xb5"
	"\xb5\xb5\xb5\xb5\xb5\xb5\x55\x55\x55\xb5\x55\xb5\x55\x55\x55\x55"
	"\x55\x55\x55\x55\x55\x55\x55\x55\xb5\xb5\x5b\x55\x55\x55\xde\x66"
	"\x66\x66\xe6\xe6\xe6\xe6\xe6\x66\x66\x66\xe6\xe6\xee\x68\x82\x88"
	"\x88\x74\x33\x33\x33\x34\x44\x44\x44\x44\x44\x44\x44\x44\x44\x44"
	"\x44\x44\x44\x44\x44\x44\x44\x44\x44\x44\x44\x44\x44\x44\x44\x44"
	"\x44\x44\x44\x44\x44\x44\x44\x44\x44\x44\x44\x44\x44\x44\x44\x43"
	"\x34\x43\x33\x34\x14\x73\x70\xd6\xd6\xd6\xd6\xdd\xd6\xdd\xdd\xdd"
	"\xdd\xdd\xdd\xdd\xdd\xdd\xdd\xdd\xdd\xd6\xc3\x33\x33\x34\x43\x34"
	"\x44\x44\x44\x44\x44\x44\x44\x44\x44\x44\x44\x44\x44\x44\x44\x44"
	"\x44\x44\x44\x44\x44\x44\x44\x43\x34\x44\x44\x44\x33\x4a\xbb\x55"
	"\x55\x5b\x55\xcd\xdc\x55\xb5\xb5\x5b\x55\x55\xb5\x55\x55\x55\x55"
	"\x55\x55\x55\x55\x55\x55\x55\x55\x55\x55\xb5\x55\xb5\x5b\x55\x55"
	"\x55\x55\x55\x55\x55\x55\x55\x55\x55\x5b\x55\x55\x55\x55\xde\x66"
	"\x66\x66\x66\x66\x66\x66\x6e\x66\x66\x66\x66\x66\xd6\xfa\x29\x88"
	"\x29\x21\x33\x33\x33\x34\x44\x44\x44\x44\x44\x44\x44\x44\x44\x44"
	"\x44\x44\x44\x44\x44\x44\x44\x44\x44\x44\x44\x44\x44\x44\x44\x44"
	"\x44\x44\x44\x44\x44\x44\x44\x44\x44\x44\x44\x44\x44\x44\x44\x43"
	"\x34\x43\x33\x33\x77\x14\x9e\x66\xd6\xdd\xdd\x66\xdd\xd6\xdd\xdd"
	"\xdd\xdd\xdd\xdd\xdd\xdd\xdd\xdd\xdd\xdd\x64\x33\x33\x34\x43\x34"
	"\x44\x44\x44\x44\x44\x44\x44\x44\x44\x44\x44\x44\x44\x44\x44\x44"
	"\x44\x44\x44\x44\x44\x44\x44\x43\x34\x44\x44\x44\x74\x4d\x55\x55"
	"\x55\x55\x5b\xcc\xd5\xb5\x5b\x55\x55\x55\x55\x55\xb5\x5b\x55\x55"
	"\x55\x55\x55\x55\x55\x55\xb5\x5b\x55\xb5\x55\xb5\x55\xb5\x55\xbb"
	"\x55\xb5\xb5\xb5\xb5\xb5\xb5\xb5\x55\xb5\xb5\xb5\xbb\x55\xb6\x66"
	"\x66\x66\x66\x66\xe6\x66\xe6\x66\x66\x66\x66\x66\x66\x6f\xa2\x99"
	"\x88\x83\x41\x44\x44\x34\x33\x33\x33\x44\x44\x44\x44\x44\x33\x34"
	"\x44\x44\x44\x44\x44\x44\x44\x44\x44\x44\x33\x34\x44\x44\x44\x44"
	"\x44\x44\x44\x44\x44\x44\x44\x44\x44\x44\x44\x44\x44\x44\x44\x43"
	"\x33\x33\x33\x33\x73\x47\xd6\xd6\xdd\xd6\xd6\xdd\xdd\xdd\xdd\x6d"
	"\xdd\xdd\xdd\xdd\xdd\xdd\xdd\xdd\xdd\xdd\xf2\x14\x34\x44\x43\x44"
	"\x44\x44\x44\x44\x44\x44\x44\x44\x44\x44\x33\x33\x41\x34\x74\x34"
	"\x44\x44\x44\x44\x44\x44\x44\x44\x44\x44\x44\x47\x34\x9c\x55\x55"
	"\x55\x55\x5b\xdc\xd5\x55\x55\xb5\x55\x5b\x55\xb5\x55\xb5\x55\xbb"
	"\x55\xb5\x5b\x5b\x5b\x55\x55\xb5\x5b\x55\x5b\x55\x5b\x55\x5b\x55"
	"\x5b\x5b\x5b\x5b\x5b\x5b\x5b\x55\xbb\x5b\xb5\xb5\x55\x55\x5e\x66"
	"\x66\x66\x66\x66\x66\x6e\x66\x66\x66\x66\x66\x66\x66\x66\x09\x28"
	"\x88\x94\x17\x14\x44\x34\x33\x33\x33\x44\x44\x44\x44\x44\x33\x34"
	"\x44\x44\x44\x44\x44\x44\x44\x44\x44\x44\x33\x34\x44\x44\x44\x44"
	"\x44\x44\x44\x44\x44\x44\x44\x44\x44\x44\x44\x44\x44\x44\x44\x43"
	"\x33\x33\x33\x34\x17\x38\xf6\xdd\xd6\xdd\xdd\xdd\xd6\xdd\x6d\xdd"
	"\xdd\xdd\xdd\xdd\xdd\xdd\xdd\xdd\xdd\xdd\xf9\x33\x34\x44\x43\x34"
	"\x44\x44\x44\x44\x44\x44\x44\x44\x44\x44\x33\x37\x11\x37\x47\x44"
	"\x44\x44\x44\x44\x44\x44\x44\x44\x44\x44\x44\x44\x77\xac\x55\x55"
	"\x55\x55\x5c\xdc\xc5\x55\xbb\xb5\xb5\xb5\x5b\x55\x5b\x55\x5b\x55"
	"\x5b\x5b\xb5\xb5\xb5\xbb\x5b\x5b\x55\x5b\x55\x5b\x55\x5b\x55\xb5"
	"\xb5\xb5\xb5\xb5\xb5\xb5\xb5\xb5\x55\xb5\x5b\x5b\x55\xb5\x56\x66"
	"\x66\x66\x66\x66\x66\x66\x66\x66\x66\x66\x66\x66\x66\xee\xd0\x92"
	"\x88\x82\x33\x73\x33\x33\x33\x33\x33\x44\x44\x44\x44\x44\x33\x34"
	"\x44\x44\x44\x44\x44\x44\x44\x44\x44\x44\x33\x34\x44\x44\x44\x44"
	"\x44\x44\x44\x44\x44\x44\x44\x44\x44\x44\x44\x44\x44\x44\x44\x43"
	"\x33\x33\x33\x34\x41\x46\xed\x66\xdd\x6d\xdd\xdd\xdd\xdd\xdd\xdd"
	"\xdd\xdd\xdd\xdd\xdd\xdd\xdd\xdd\xdd\xdd\x6a\x33\x44\x44\x44\x34"
	"\x44\x44\x44\x44\x44\x44\x44\x44\x44\x44\x33\x33\x37\x41\x37\x14"
	"\x44\x44\x44\x44\x44\x44\x44\x44\x44\x44\x34\x43\x48\xc5\xbb\x5b"
	"\x55\x55\x5c\xdd\xb5\xb5\x55\xb5\x55\x5b\x55\x5b\x55\x5b\x55\xb5"
	"\xb5\xb5\x5b\x5b\x5b\x55\x5b\x55\xb5\x55\xb5\x55\xb5\x55\xb5\x5b"
	"\x5b\x5b\x5b\x5b\x5b\x5b\x5b\x5b\x5b\x5b\x5b\x5b\xb5\xb5\x5d\xe6"
	"\x66\x66\x66\x66\x66\x66\x66\x66\x66\x66\x66\x66\xe6\x66\x66\xf9"
	"\x29\x89\x17\x33\x33\x33\x33\x33\x33\x44\x44\x44\x44\x44\x33\x34"
	"\x44\x44\x44\x44\x44\x44\x44\x44\x44\x44\x33\x34\x44\x44\x44\x44"
	"\x44\x44\x44\x44\x44\x44\x44\x44\x44\x44\x44\x44\x44\x44\x44\x43"
	"\x33\x33\x33\x37\x33\x20\xdd\xdd\xdd\xdd\x6d\x6d\xd6\xdd\x6d\x6d"
	"\xdd\xdd\xdd\xdd\xdd\xdd\xdd\xdd\xdd\xdd\x6d\x74\x74\x33\x44\x34"
	"\x44\x44\x44\x44\x44\x44\x44\x44\x44\x44\x33\x34\x34\x37\x47\x44"
	"\x44\x44\x44\x44\x44\x44\x44\x44\x44\x44\x34\x44\x45\xca\xbc\x5b"
	"\x55\x55\xbc\xdd\xb5\xb5\xb5\xb5\xb5\x55\xb5\x55\xb5\x55\xb5\x5b"
	"\x5b\x5b\x5b\x55\xb5\xb5\x55\xb5\x55\xb5\x55\xb5\x55\xb5\x55\xb5"
	"\x55\xb5\x55\xb5\x55\xb5\x55\xb5\x55\xb5\xb5\xb5\xb5\xb5\xb5\xe6"
	"\x66\x66\x66\x66\x66\x66\x66\x66\x66\x66\x66\x66\xd6\x66\x66\x6f"
	"\x92\x88\x27\x14\x44\x44\x43\x33\x33\x44\x44\x44\x44\x44\x33\x34"
	"\x44\x44\x44\x44\x44\x44\x44\x44\x44\x44\x33\x34\x44\x44\x44\x44"
	"\x44\x44\x44\x44\x44\x44\x44\x44\x44\x44\x44\x44\x44\x44\x44\x43"
	"\x33\x33\x33\x37\x74\x56\xd6\xdd\x6d\x6d\xdd\xdd\xdd\xdd\xdd\xdd"
	"\xdd\xdd\xdd\xdd\xdd\xdd\xdd\xdd\xdd\xdd\xde\x83\x47\x43\x44\x44"
	"\x44\x44\x44\x44\x44\x44\x44\x44\x44\x44\x33\x37\x43\x41\x71\x44"
	"\x44\x44\x44\x44\x44\x44\x44\x44\x44\x44\x44\x44\x2d\xc5\x55\x55"
	"\x55\x55\xcd\xdd\x55\xb5\x55\x55\x55\xb5\x55\xb5\x55\xb5\x55\xb5"
	"\x55\xb5\x55\xb5\x55\x55\x5b\x5b\x5b\x5b\x5b\x5b\x5b\x5b\x5b\x5b"
	"\x5b\x5b\x5b\x5b\x5b\x5b\x5b\x5b\x5b\xb5\xb5\xb5\xb5\x55\xca\x66"
	"\x66\x66\x66\x66\x66\x66\x66\x66\x66\x66\x66\x66\x66\xd6\xe6\xd6"
	"\xf9\x89\x21\x74\x44\x44\x43\x33\x33\x44\x44\x44\x44\x44\x33\x34"
	"\x44\x44\x44\x44\x44\x44\x44\x44\x44\x44\x33\x34\x44\x44\x44\x44"
	"\x44\x44\x44\x44\x44\x44\x44\x44\x44\x44\x44\x44\x44\x44\x44\x43"
	"\x33\x33\x33\x33\x32\xfd\xdd\xdd\xdd\xdd\xdd\xdd\xdd\xdd\xdd\xdd"
	"\xdd\xdd\xdd\xdd\xdd\xdd\xdd\xdd\xdd\xdd\xd6\x94\x47\x44\x47\x44"
	"\x44\x44\x44\x44\x44\x44\x44\x44\x44\x44\x33\x33\x71\x1a\xd9\x44"
	"\x44\x44\x44\x44\x44\x44\x44\x44\x44\x44\x44\x43\xab\x55\x55\xb5"
	"\x55\x55\xdd\xdc\x55\xb5\x55\xbb\x5b\x5b\x5b\x5b\x5b\x5b\x5b\x5b"
	"\x5b\x5b\x5b\x5b\x5b\xb5\x55\xb5\xb5\xb5\xb5\xb5\xb5\xb5\xb5\xb5"
	"\xb5\xb5\xb5\xb5\xb5\xb5\xb5\xb5\xb5\x5b\x5b\x5b\xbb\x55\x55\xd6"
	"\x6e\x6e\x6e\x66\x66\x66\x66\x66\x66\x66\x66\x66\xe6\xd6\xd6\x66"
	"\xef\x92\x94\x44\x44\x43\x33\x33\x33\x44\x44\x44\x44\x44\x33\x34"
	"\x44\x44\x44\x44\x44\x44\x44\x44\x44\x44\x33\x34\x44\x44\x44\x44"
	"\x44\x44\x44\x44\x44\x44\x44\x44\x44\x44\x44\x44\x44\x44\x44\x43"
	"\x34\x33\x33\x37\x1d\xed\xdd\xdd\xdd\xdd\xdd\xdd\xdd\xdd\xdd\xdd"
	"\xdd\xdd\xdd\xdd\xdd\xdd\xdd\xdd\xdd\xdd\xd6\xd4\x44\x44\x44\x74"
	"\x44\x44\x44\x44\x44\x44\x44\x44\x44\x44\x33\x34\x18\x0f\x02\x14"
	"\x44\x44\x44\x44\x44\x44\x44\x44\x44\x44\x34\x48\xc5\x55\x55\x55"
	"\x55\x5b\xcd\xdb\x55\x55\x5b\x55\xb5\xb5\xb5\xb5\xb5\xb5\xb5\xb5"
	"\xb5\xb5\xb5\xb5\xb5\x5b\xbb\x5b\x5b\x5b\x5b\x5b\x5b\x5b\x5b\x5b"
	"\x5b\x5b\x5b\x5b\x5b\x5b\x5b\x5b\x5b\x5b\x5b\x5b\x55\x55\x5b\xb6"
	"\x66\x66\x66\x66\x66\x66\x66\x66\x66\x66\x66\x66\xdd\x66\x66\x66"
	"\x66\xf9\x87\x44\x44\x43\x33\x33\x33\x44\x44\x44\x44\x44\x33\x34"
	"\x44\x44\x44\x44\x44\x44\x44\x44\x44\x44\x33\x34\x44\x44\x44\x44"
	"\x44\x44\x44\x44\x44\x44\x44\x44\x44\x44\x44\x44\x44\x44\x44\x43"
	"\x34\x33\x33\x33\x8f\xd6\xdd\x6d\xdd\xdd\xdd\xdd\xdd\xdd\xdd\xdd"
	"\xdd\xdd\xdd\xdd\xdd\xdd\xdd\xdd\xdd\xdd\xd6\x07\x43\x33\x44\x44"
	"\x44\x44\x44\x44\x44\x44\x44\x44\x44\x44\x33\x31\xa0\xe0\x51\x44"
	"\x44\x44\x44\x44\x44\x44\x44\x44\x44\x44\x34\x45\xb5\xb5\x55\x55"
	"\x55\xbc\xdd\xdb\x55\x55\x55\x5b\x5b\x5b\x5b\x5b\x5b\x5b\x5b\x5b"
	"\x5b\x5b\x5b\x5b\x5b\x55\x55\xb5\xb5\xb5\xb5\xb5\xb5\xb5\xb5\xb5"
	"\xb5\xb5\xb5\xb5\xb5\xb5\xb5\xb5\xb5\xb5\xb5\xb5\xbb\xb5\x5b\x56"
	"\x66\x66\x6e\x66\x66\x66\x66\x66\x66\x66\x66\xd6\x66\x66\x6d\x66"
	"\x66\x6f\x94\x34\x33\x14\x34\x44\x44\x44\x44\x44\x44\x44\x33\x34"
	"\x44\x44\x44\x44\x44\x44\x44\x47\x37\x44\x41\x37\x41\x44\x14\x43"
	"\x44\x44\x44\x43\x37\x44\x73\x44\x44\x44\x44\x44\x44\x44\x33\x31"
	"\x43\x14\x73\x44\xb6\xdd\xdd\xdd\xdd\xdd\xdd\xdd\xdd\xdd\xdd\xdd"
	"\xdd\xdd\xdd\xdd\xdd\xdd\xdd\xdd\xdd\xdd\xcd\xf9\x74\x37\x33\x74"
	"\x44\x44\x44\x47\x71\x41\x37\x34\x33\x11\x73\x7f\x06\xec\x73\x44"
	"\x44\x44\x44\x44\x44\x44\x44\x43\x74\x74\x37\x2d\xcb\x55\x55\x5b"
	"\x5b\x5c\xdd\xc5\x55\x5b\x5b\x55\xb5\xb5\xb5\xb5\xb5\xb5\xb5\xb5"
	"\xb5\xb5\xb5\xb5\xb5\xb5\xbb\xb5\xb5\xb5\xb5\xb5\xb5\xb5\xb5\xb5"
	"\xb5\xb5\xb5\xb5\xb5\xb5\xb5\xb5\xb5\xb5\xb5\xb5\xb5\x55\x55\x5d"
	"\xe6\x6e\x66\x66\x66\x66\x66\x66\xd6\x66\x66\x66\x66\x66\x66\x6d"
	"\x66\x6d\x02\x43\x44\x43\x44\x74\x44\x44\x44\x44\x44\x44\x33\x34"
	"\x44\x44\x44\x44\x44\x44\x44\x43\x43\x34\x14\x44\x37\x74\x71\x34"
	"\x44\x43\x33\x34\x43\x33\x34\x44\x44\x44\x44\x44\x44\x44\x33\x34"
	"\x13\x77\x47\x19\x0c\xdd\xdd\x6d\xdd\xdd\xdd\xdd\xdd\xdd\xdd\xdd"
	"\xdd\xdd\xdd\xdd\xdd\xdd\xdd\xdd\xdd\xdd\xdd\xdb\x31\x71\x47\x34"
	"\x44\x44\x44\x44\x17\x47\x71\x11\x71\x77\x18\x6f\x6f\x04\x17\x44"
	"\x44\x44\x44\x44\x44\x44\x44\x44\x17\x41\x34\xac\xb5\x55\x55\x55"
	"\x55\xbd\xcd\xc5\xb5\xb5\x55\x5b\x5b\x5b\x5b\x5b\x5b\x5b\x5b\x5b"
	"\x5b\x5b\x5b\x5b\x5b\x5b\x55\x5b\x5b\x5b\x5b\x5b\x5b\x5b\x5b\x5b"
	"\x5b\x5b\x5b\x5b\x5b\x5b\x5b\x5b\x5b\x5b\x5b\x5b\x5b\xbb\x5b\x5c"
	"\xfd\x66\x66\xe6\x66\x66\x66\x66\x66\x66\xd6\x66\xd6\x6d\x66\x6e"
	"\xd6\xf6\xde\x77\x13\x34\x44\x14\x44\x44\x44\x44\x44\x44\x33\x34"
	"\x44\x44\x44\x44\x44\x44\x44\x44\x71\x71\x22\x24\x17\x34\x33\x44"
	"\x44\x33\x33\x43\x31\x74\x37\x44\x44\x44\x44\x44\x44\x44\x33\x34"
	"\x33\x44\x44\x70\xbe\xdd\x6d\xdd\xdd\xdd\xdd\xdd\xdd\xdd\xdd\xdd"
	"\xdd\xdd\xdd\xdd\xdd\xdd\xdd\xdd\xdd\xdd\xdd\xde\x24\x43\x73\x34"
	"\x44\x44\x44\x47\x34\x34\x73\x34\x11\x14\x90\xe6\x0c\x74\x41\x34"
	"\x44\x44\x44\x44\x44\x44\x44\x43\x71\x34\x48\xdb\x55\x55\x55\x55"
	"\x55\xcd\xcd\xb5\x5b\x5b\x55\x5b\xb5\xb5\xb5\xb5\xb5\xb5\xb5\xb5"
	"\xb5\xb5\xb5\xb5\xb5\xb5\xbb\x5b\x5b\x5b\x5b\x5b\x5b\x5b\x5b\x5b"
	"\x5b\x5b\x5b\x5b\x5b\x5b\x5b\x5b\x5b\x5b\x5b\x5b\x55\x5b\xb5\x55"
	"\x66\x66\x66\x66\x66\x66\x66\x66\x66\x66\x66\xd6\x66\x66\x66\x66"
	"\x6d\xd6\xdf\x63\x17\x74\x41\x74\x44\x44\x44\x44\x44\x44\x33\x34"
	"\x44\x44\x44\x44\x44\x44\x44\x43\x33\x33\x90\x6a\x71\x17\x17\x43"
	"\x34\x44\x44\x47\x44\x43\x34\x14\x44\x44\x44\x44\x44\x44\x33\x37"
	"\x14\x41\x33\xae\x66\xdd\xd6\xdd\xdd\xdd\xdd\xdd\xdd\xdd\xdd\xdd"
	"\xdd\xdd\xdd\xdd\xdd\xdd\xdd\xdd\xdd\xdd\xdd\xd6\xa3\x17\x43\x44"
	"\x44\x44\x44\x41\x74\x43\x17\x88\x89\x99\x06\x60\xc3\x33\x17\x34"
	"\x44\x44\x44\x44\x44\x44\x44\x47\x34\x34\x7c\x55\x55\x55\x55\x55"
	"\x5b\xcd\xdd\xb5\x5b\x5b\x5b\x55\xb5\xb5\xb5\xb5\xb5\xb5\xb5\xb5"
	"\xb5\xb5\xb5\xb5\xb5\xbb\x5b\xbb\xbb\xbb\xbb\xbb\xbb\xbb\xbb\xbb"
	"\xbb\xbb\xbb\xbb\xbb\xbb\xbb\xbb\xbb\xbb\xbb\xbb\xbb\xb5\x5b\xb5"
	"\xdf\x66\x66\x66\x66\x66\x6d\x66\x6d\x66\x66\x66\x66\x66\x6d\x6d"
	"\xe6\x6e\xdd\x66\x21\x11\x74\x14\x44\x44\x44\x44\x44\x44\x33\x34"
	"\x44\x44\x44\x44\x44\x44\x44\x43\x44\x44\x1a\xf0\x0a\x21\x71\x74"
	"\x44\x74\x44\x44\x14\x31\x44\x74\x44\x44\x44\x44\x44\x44\x33\x31"
	"\x73\x17\x72\xfd\x6c\xdd\x6d\xdd\xdd\xdd\xdd\xdd\xdd\xdd\xdd\xdd"
	"\xdd\xdd\xdd\xdd\xdd\xdd\xdd\xdd\xdd\xdd\xdd\xdd\xf3\x47\x34\x44"
	"\x44\x44\x44\x47\x17\x75\xf0\xf0\x00\x00\x6f\x09\x43\x44\x73\x34"
	"\x44\x44\x44\x44\x44\x44\x44\x44\x47\x13\x9c\x55\x5b\x55\x55\x55"
	"\x5c\xcd\xdc\x55\x55\xb5\xb5\xbb\xbb\xbb\xbb\xbb\xbb\xbb\xbb\xbb"
	"\xbb\xbb\xbb\xbb\xbb\xb5\xbb\x5b\x5b\x5b\x5b\x5b\x5b\x5b\x5b\x5b"
	"\x5b\x5b\x5b\x5b\x5b\x5b\x5b\x5b\x5b\x5b\x5b\x5b\x5b\x55\xbb\x55"
	"\x5f\x66\x66\x66\x66\x66\x66\x66\x66\x66\x66\x6d\x6d\x6d\x66\x66"
	"\xd6\xdd\xf6\x6e\xd1\x77\x34\x74\x44\x44\x44\x44\x44\x44\x33\x34"
	"\x44\x44\x44\x44\x44\x44\x44\x43\x41\x17\x41\xd0\xd0\x68\x33\x14"
	"\x44\x33\x33\x44\x14\x44\x41\x34\x44\x44\x44\x44\x44\x44\x33\x31"
	"\x71\x37\x1e\x6d\xdd\xd6\xcd\x6d\xdd\xdd\xdd\xdd\xdd\xdd\xdd\xdd"
	"\xdd\xdd\xdd\xdd\xdd\xdd\xdd\xdd\xdd\xdd\xdd\xdd\xf8\x33\x47\x34"
	"\x44\x44\x44\x44\x71\x50\xff\xf6\xfe\xe0\xfb\x23\x73\x44\x31\x74"
	"\x44\x44\x44\x44\x44\x44\x44\x44\x43\x42\xbb\x55\x55\x55\x55\xb5"
	"\x5c\xdd\xd5\xb5\xbb\x5b\x5b\x5b\x5b\x5b\x5b\x5b\x5b\x5b\x5b\x5b"
	"\x5b\x5b\x5b\x5b\x5b\x5b\x5b\xbb\xbb\xbb\xbb\xbb\xbb\xbb\xbb\xbb"
	"\xbb\xbb\xbb\xbb\xbb\xbb\xbb\xbb\xbb\xbb\xbb\xbb\xbb\xbb\x55\xbb"
	"\x5e\x66\x66\xd6\x66\x66\x66\x66\x66\x66\xd6\x66\x66\x66\x66\x6e"
	"\xd6\x6d\x66\xd6\xed\x73\x37\x34\x44\x44\x44\x44\x44\x44\x33\x34"
	"\x44\x44\x44\x44\x44\x44\x44\x43\x77\x44\x33\x1b\x06\xef\x62\x71"
	"\x13\x11\x34\x77\x41\x14\x74\x44\x44\x44\x44\x44\x44\x44\x33\x33"
	"\x34\x71\xae\xd6\xdd\xdc\x6d\xdd\xdd\xdd\xdd\xdd\xdd\xdd\xdd\xdd"
	"\xdd\xdd\xdd\xdd\xdd\xdd\xdd\xdd\xdd\xdd\xdd\xdd\xcb\x13\x74\x44"
	"\x44\x44\x44\x47\x17\x18\xa5\xd6\xdd\xc9\x21\x34\x14\x14\x74\x34"
	"\x44\x44\x44\x44\x44\x44\x44\x44\x74\x35\x5b\x55\x55\x55\x55\x55"
	"\x5d\xcd\xd5\x55\x55\x5b\x5b\x5b\xbb\xbb\xbb\xbb\xbb\xbb\xbb\xbb"
	"\xbb\xbb\xbb\xbb\xbb\xbb\xb5\xb5\xb5\xb5\xb5\xb5\xb5\xb5\xb5\xb5"
	"\xb5\xb5\xb5\xb5\xb5\xb5\xb5\xb5\xb5\xb5\xb5\xb5\xb5\xb5\xbb\x5b"
	"\xbd\x66\x66\x66\x6d\x66\xd6\xd6\x6d\x66\x66\xd6\x66\x66\xd6\x6d"
	"\xed\x66\x66\xd6\xee\xd4\x71\x74\x44\x44\x44\x44\x44\x44\x33\x34"
	"\x44\x44\x44\x44\x44\x44\x44\x47\x31\x44\x34\x41\xa0\xe6\xef\x98"
	"\x89\xaa\x55\x5a\xa2\x74\x14\x34\x44\x44\x44\x44\x44\x44\x33\x37"
	"\x13\x48\x6d\xdd\xdd\x6d\xdd\x6d\xdd\xdd\xdd\xdd\xdd\xdd\xdd\xdd"
	"\xdd\xdd\xdd\xdd\xdd\xdd\xdd\xdd\xdd\xdd\xdd\xdd\x6d\x24\x44\x44"
	"\x44\x44\x44\x43\x43\x71\x31\x77\x27\x31\x34\x33\x44\x73\x47\x34"
	"\x44\x44\x44\x44\x44\x44\x44\x44\x37\x2d\x55\xb5\x55\x5b\x55\x55"
	"\xcc\xdd\xd5\x55\x5b\x5b\x5b\x5b\x5b\x5b\x5b\x5b\x5b\x5b\x5b\x5b"
	"\x5b\x5b\x5b\x5b\x5b\x5b\xbb\xbb\xbb\xbb\xbb\xbb\xbb\xbb\xbb\xbb"
	"\xbb\xbb\xbb\xbb\xbb\xbb\xbb\xbb\xbb\xbb\xbb\xbb\xbb\xbb\xb5\xb5"
	"\x5b\xe6\xed\x66\x66\x66\x66\x66\x66\x66\x66\x66\xd6\xd6\x66\xd6"
	"\x66\x66\xd6\x66\xdd\x6d\x24\x17\x47\x73\x11\x44\x44\x43\x33\x34"
	"\x44\x44\x44\x44\x44\x44\x44\x44\x44\x44\x44\x47\x19\xdf\x6e\x00"
	"\x00\x0f\xff\xf0\x0b\x73\x17\x34\x44\x44\x44\x44\x33\x43\x44\x43"
	"\x74\x7f\xd6\xdd\xdd\xdd\xdd\xdd\xdd\xdd\xdd\xdd\xdd\xdd\xdd\xdd"
	"\xdd\xdd\xdd\xdd\xdd\xdd\xdd\xdd\xdd\xdd\xdd\xdd\xc6\x54\x31\x43"
	"\x33\x33\x44\x44\x44\x44\x44\x44\x44\x44\x44\x44\x43\x33\x33\x33"
	"\x34\x44\x44\x44\x17\x31\x44\x33\x77\xc5\x55\x55\x55\x55\xb5\x55"
	"\xcd\xcd\xc5\xbb\xbb\x5b\x5b\x5b\xbb\xbb\xbb\xbb\xbb\xbb\xbb\xbb"
	"\xbb\xbb\xbb\xbb\xbb\xbb\xb5\xbb\xbb\xbb\xbb\xbb\xbb\xbb\xbb\xbb"
	"\xbb\xbb\xbb\xbb\xbb\xbb\xbb\xbb\xbb\xbb\xbb\xbb\xbb\xbb\xbb\xb5"
	"\xb5\xd6\x66\x66\x66\x66\x66\x66\x66\x6d\x66\xd6\x66\x66\x66\x66"
	"\xd6\x6d\x66\xdd\x66\x6e\x63\x71\x74\x73\x44\x34\x44\x43\x33\x34"
	"\x44\x44\x44\x44\x44\x44\x44\x44\x44\x44\x44\x44\x71\x7c\x00\xe6"
	"\x66\xf6\x6f\x00\x57\x13\x73\x44\x44\x44\x44\x43\x44\x37\x17\x34"
	"\x43\xae\xdc\x6d\xdd\xdd\xdd\xdd\xdd\xdd\xdd\xdd\xdd\xdd\xdd\xdd"
	"\xdd\xdd\xdd\xdd\xdd\xdd\xdd\xdd\xdd\xdd\xdd\xdc\xdd\xf7\x37\x33"
	"\x33\x33\x44\x44\x44\x44\x44\x44\x44\x44\x44\x44\x43\x33\x33\x33"
	"\x34\x44\x44\x44\x41\x74\x43\x74\x4a\xcb\x55\x55\xb5\x55\x55\x5b"
	"\xdc\xdd\xbb\xb5\xbb\xbb\xbb\xbb\xbb\xbb\xbb\xbb\xbb\xbb\xbb\xbb"
	"\xbb\xbb\xbb\xbb\xbb\xbb\xbb\x5b\x5b\x5b\x5b\x5b\x5b\x5b\x5b\x5b"
	"\x5b\x5b\x5b\x5b\x5b\x5b\x5b\x5b\x5b\x5b\x5b\x5b\x5b\x5b\x5b\xbb"
	"\xb5\xc6\x66\x66\xd6\x6d\x66\x66\xd6\x66\x66\x66\x66\x66\xd6\xd6"
	"\x6d\x66\xd6\x66\xde\xde\xee\x23\x47\x44\x11\x74\x44\x44\x43\x34"
	"\x44\x44\x44\x44\x44\x44\x44\x44\x44\x44\x44\x47\x17\x71\x7a\xdf"
	"\x0f\x0f\xd5\x91\x33\x74\x33\x74\x44\x44\x44\x44\x34\x44\x33\x44"
	"\x3a\xfc\xdd\x6d\xdd\xdd\xdd\xdd\xdd\xdd\xdd\xdd\xdd\xdd\xdd\xdd"
	"\xdd\xdd\xdd\xdd\xdd\xdd\xdd\xdd\xdd\xdd\xdd\xdc\xdd\x65\x33\x43"
	"\x33\x34\x44\x44\x44\x43\x33\x34\x44\x44\x44\x44\x43\x33\x33\x33"
	"\x33\x44\x74\x41\x73\x17\x44\x77\x9d\x5a\xb5\xa5\x55\x55\x55\x5c"
	"\xdc\xdc\x5c\xbb\xb5\xb5\xb5\xb5\xb5\xb5\xbb\x5b\x5b\x5b\x5b\x5b"
	"\x5b\x5b\x5b\x5b\x5b\x5b\xbb\xbb\xbb\xbb\xbb\xbb\xbb\xbb\xbb\xbb"
	"\xbb\xbb\xbb\xbb\xbb\xbb\xbb\xbb\xbb\xbb\xbb\xbb\xbb\xbb\xb5\xbb"
	"\x55\x56\x66\xd6\x66\x66\x66\xd6\x66\x66\xd6\x66\xd6\xd6\x66\x6d"
	"\x66\xd6\x6d\x66\x6d\x6d\xd6\xe7\x17\x43\x43\x34\x44\x44\x43\x34"
	"\x44\x44\x44\x44\x44\x44\x44\x44\x44\x44\x44\x47\x11\x77\x31\x72"
	"\x89\x87\x77\x33\x44\x37\x74\x44\x44\x44\x44\x47\x11\x43\x77\x13"
	"\x20\xdd\xdd\xdd\xdd\xdd\xdd\xdd\xdd\xdd\xdd\xdd\xdd\xdd\xdd\xdd"
	"\xdd\xdd\xdd\xdd\xdd\xdd\xdd\xdd\xdd\xdd\xdd\xdd\xcc\xce\x24\x43"
	"\x33\x34\x44\x44\x44\x43\x33\x34\x44\x44\x44\x44\x43\x33\x33\x33"
	"\x33\x44\x44\x44\x33\x47\x33\x47\xc5\x5c\x55\x55\x55\x55\x55\x5c"
	"\xdc\xdb\x5b\xbb\xbb\xbb\xbb\xbb\xbb\xbb\x5b\xbb\xbb\xbb\xbb\xbb"
	"\xbb\xbb\xbb\xbb\xbb\xbb\xbb\xbb\xbb\xbb\xbb\xbb\xbb\xbb\xbb\xbb"
	"\xbb\xbb\xbb\xbb\xbb\xbb\xbb\xbb\xbb\xbb\xbb\xbb\xbb\xbb\xbb\xbb"
	"\x5b\x5d\xe6\x66\x66\x66\x66\x66\x66\xd6\x66\xd6\x66\x66\x66\x66"
	"\x6d\x6d\x66\xd6\x6d\xd6\x6e\x6f\x94\x44\x33\x47\x47\x44\x44\x44"
	"\x44\x44\x44\x44\x44\x44\x44\x44\x44\x44\x44\x43\x74\x34\x43\x13"
	"\x11\x33\x31\x13\x41\x43\x73\x44\x44\x44\x44\x43\x43\x77\x13\x32"
	"\x0d\xcd\x6d\xdd\xdd\xdd\xdd\xdd\xdd\xdd\xdd\xdd\xdd\xdd\xdd\xdd"
	"\xdd\xdd\xdd\xdd\xdd\xdd\xdd\xdd\xdc\xdd\xdc\xdd\xdd\xdd\xc3\x43"
	"\x33\x44\x44\x74\x44\x44\x43\x34\x44\x44\x44\x44\x43\x33\x33\x34"
	"\x44\x44\x44\x47\x34\x71\x77\x7d\xb5\x55\x55\x55\x55\x55\x55\xbd"
	"\xdd\xd5\x55\xbb\xbb\xbb\xbb\xbb\xbb\xbb\xbb\xbb\xbb\xbb\xbb\xbb"
	"\xbb\xbb\xbb\xbb\xbb\xbb\xbb\xbb\xbb\xbb\xbb\xbb\xbb\xbb\xbb\xbb"
	"\xbb\xbb\xbb\xbb\xbb\xbb\xbb\xbb\xbb\xbb\xbb\xbb\xbb\xbb\xbb\xbb"
	"\x5b\xbb\xed\x66\x6d\x66\xd6\x66\x66\x66\x66\x66\x66\x66\xd6\xd6"
	"\xd6\x66\x6d\x6d\x66\x6d\xdd\xdd\x08\x33\x74\x44\x44\x47\x44\x44"
	"\x44\x44\x44\x44\x44\x44\x44\x44\x44\x44\x44\x44\x33\x44\x44\x47"
	"\x43\x33\x43\x33\x47\x41\x74\x13\x33\x34\x44\x47\x34\x11\x74\x76"
	"\xcd\x6d\xdd\xdd\xdd\xdd\xdd\xdd\xdd\xdd\xdd\xdd\xdd\xdd\xdd\xdd"
	"\xdd\xdd\xdd\xdd\xdd\xdd\xdd\xdc\xdd\xdd\xdd\xdc\xdd\xcc\xf8\x43"
	"\x34\x44\x44\x44\x44\x44\x43\x34\x44\x44\x44\x44\x43\x33\x33\x34"
	"\x44\x44\x44\x44\x73\x32\x13\xac\x55\xbb\x5b\x55\x55\x55\x5b\xcd"
	"\xcd\xc5\xb5\xbb\xbb\xbb\xbb\xbb\xbb\xbb\xbb\xbb\xbb\xbb\xbb\xbb"
	"\xbb\xbb\xbb\xbb\xbb\xbb\xbb\xbb\xbb\xbb\xbb\xbb\xbb\xbb\xbb\xbb"
	"\xbb\xbb\xbb\xbb\xbb\xbb\xbb\xbb\xbb\xbb\xbb\xbb\xbb\xbb\xbb\xb5"
	"\x55\xb5\xd6\x66\x66\x66\x66\x66\xd6\x66\x6d\x66\xd6\xd6\x66\x66"
	"\x6d\x6d\x66\xde\xdd\xd6\x6d\x6d\x60\x97\x17\x74\x44\x44\x44\x44"
	"\x44\x44\x44\x44\x44\x44\x44\x44\x44\x44\x44\x43\x34\x43\x34\x11"
	"\x47\x44\x44\x17\x14\x37\x34\x13\x33\x34\x44\x41\x73\x47\x37\xdd"
	"\x6d\xdd\xd6\xdd\xdd\xdd\xdd\xdd\xdd\xdd\xdd\xdd\xdd\xdd\xdd\xdd"
	"\xdd\xdd\xdd\xdd\xcd\xdd\xdd\xdd\xdd\xdd\xcd\xdd\xdc\xdd\xc6\x74"
	"\x44\x44\x74\x44\x44\x44\x33\x34\x44\x44\x44\x44\x43\x33\x33\x34"
	"\x74\x33\x33\x44\x37\x43\x7a\xbb\x55\x5a\x5b\x55\x55\x55\x5b\xcd"
	"\xcd\xb5\xbb\x5b\xbb\xbb\xbb\xbb\x5b\xbb\x5b\xbb\xbb\xbb\xbb\xbb"
	"\xbb\xbb\xbb\xbb\xbb\xbb\xbb\xbb\xbb\xbb\xbb\xbb\xbb\xbb\xbb\xbb"
	"\xbb\xbb\xbb\xbb\xbb\xbb\xbb\xbb\xbb\xbb\xbb\xbb\xbb\xbb\xbb\xbb"
	"\x55\x5b\xcf\xd6\x66\x66\x66\xd6\x66\xd6\x66\x66\x66\x66\x66\x6d"
	"\x66\xd6\xd6\x6d\x66\x6d\xd6\x6d\x6d\x0a\x74\x34\x74\x44\x44\x44"
	"\x44\x44\x44\x44\x44\x44\x44\x44\x44\x44\x44\x43\x43\x44\x43\x77"
	"\x43\x47\x31\x31\x74\x13\x73\x33\x33\x34\x44\x44\x33\x41\x3d\x6d"
	"\xcd\xdd\xdc\xdd\xdd\xdd\xdd\xdd\xdd\xdd\xdd\xdd\xdd\xdd\xdd\xdd"
	"\xdd\xdd\xdd\xdd\xdd\xdd\xdd\xdd\xcd\xdd\xdd\xcd\xdc\xdc\xd6\xa4"
	"\x74\x44\x44\x44\x44\x44\x33\x34\x44\x44\x44\x44\x43\x33\x33\x34"
	"\x44\x33\x33\x44\x74\x77\x8d\x55\x55\x55\x55\xb5\x55\x55\x5c\xdd"
	"\xdc\x5b\xbb\x5b\xbb\xbb\xbb\xbb\xb5\xbb\xbb\xbb\xbb\xbb\xbb\xbb"
	"\xbb\xbb\xbb\xbb\xbb\xbb\xbb\xbb\xbb\xbb\xbb\xbb\xbb\xbb\xbb\xbb"
	"\xbb\xbb\xbb\xbb\xbb\xbb\xbb\xbb\xbb\xbb\xbb\xbb\xbb\xbb\xbb\xbb"
	"\x5b\xbb\x56\xd6\x66\x66\xd6\x66\x66\x66\x66\xd6\x66\x6d\x6d\x66"
	"\xd6\x66\x6d\x6d\x6d\x6d\x6d\xd6\xde\xdf\x64\x44\x47\x37\x14\x74"
	"\x43\x37\x44\x44\x44\x44\x44\x44\x44\x44\x44\x44\x44\x44\x44\x44"
	"\x44\x44\x44\x44\x44\x44\x44\x44\x43\x44\x37\x43\x37\x12\xdf\xdd"
	"\xdd\xdd\xdd\xdd\xdd\xdd\xdd\xdd\xdd\xdd\xdd\xdd\xdd\xdc\xdd\xcd"
	"\xdd\xdd\xdd\xdd\xdd\xdd\xdd\xdd\xdd\xdd\xdc\xdd\xcd\xdc\xdd\xf8"
	"\x17\x74\x34\x14\x44\x44\x44\x44\x44\x44\x44\x44\x44\x44\x33\x37"
	"\x44\x14\x33\x77\x77\x49\xd5\x55\x55\x55\x55\x55\x5b\x55\x5d\xcc"
	"\xdb\x5b\x5b\xbb\xbb\xbb\xbb\xbb\xbb\xbb\xbb\xbb\xbb\xbb\xbb\xbb"
	"\xbb\xbb\xbb\xbb\xbb\xbb\xbb\xbb\xbb\xbb\xbb\xbb\xbb\xbb\xbb\xbb"
	"\xbb\xbb\xbb\xbb\xbb\xbb\xbb\xbb\xbb\xbb\xbb\xbb\xbb\xbb\xbb\xbb"
	"\xbb\xbb\x5c\x6d\x66\x66\x66\x66\xd6\x6d\x6d\x66\xd6\xd6\x66\x6d"
	"\x66\xdd\xd6\x6d\x6d\x6d\x6d\x66\x6d\xf6\x66\x21\x31\x43\x73\x34"
	"\x33\x47\x13\x74\x44\x44\x44\x44\x44\x44\x44\x44\x44\x44\x44\x44"
	"\x44\x44\x44\x44\x44\x44\x44\x41\x37\x37\x73\x73\x71\x7d\xdd\xdd"
	"\xdd\xdd\xdd\xdd\xdd\xdd\xdd\xdd\xdd\xdd\xdd\xdd\xdd\xdd\xdd\xdd"
	"\xdd\xdd\xdd\xdd\xcd\xdc\xdd\xdc\xdc\xdc\xdd\xdd\xdc\xdd\xdc\xdc"
	"\x21\x33\x44\x44\x44\x44\x44\x44\x44\x44\x44\x44\x44\x44\x33\x33"
	"\x74\x77\x14\x73\x73\x8d\x5b\x55\x55\x55\x55\x55\x55\x55\xbd\xcd"
	"\xdb\x5b\x5b\xbb\xbb\xbb\xbb\xbb\x5b\xbb\xbb\xbb\xbb\xbb\xbb\xbb"
	"\xbb\xbb\xbb\xbb\xbb\xbb\xbb\xbb\xbb\xbb\xbb\xbb\xbb\xbb\xbb\xbb"
	"\xbb\xbb\xbb\xbb\xbb\xbb\xbb\xbb\xbb\xbb\xbb\xbb\xbb\xbb\xbb\xbb"
	"\xbb\x5b\xb5\x66\xd6\xd6\x66\xd6\x66\x66\x66\x66\x66\x66\x6d\x66"
	"\xd6\x66\x6d\xd6\xd6\xd6\xd6\xd6\xdd\xd6\x66\x0a\x47\x77\x17\x34"
	"\x33\x17\x74\x14\x44\x44\x44\x44\x44\x44\x44\x44\x44\x44\x44\x44"
	"\x44\x44\x44\x44\x44\x44\x44\x44\x41\x43\x74\x74\x72\xb6\x6d\xdd"
	"\xdd\xdd\xdd\xdd\xdd\xdd\xdd\xdd\xdd\xdd\xdd\xdd\xdd\xdd\xdd\xdd"
	"\xdd\xdd\xdd\xdd\xdd\xdd\xdc\xdd\xdd\xdd\xdc\xdc\xdd\xcd\xdc\xdd"
	"\xc7\x74\x37\x14\x44\x44\x44\x44\x44\x44\x44\x44\x44\x44\x33\x34"
	"\x33\x34\x77\x47\x79\xd5\x55\x55\x55\x55\x55\x55\x55\x55\xcd\xdd"
	"\xcb\x5b\x5b\xbb\xb5\xbb\xbb\xbb\xb5\xbb\xbb\xbb\xbb\xbb\xbb\xbb"
	"\xbb\xbb\xbb\xbb\xbb\xbb\xbb\xbb\xbb\xbb\xbb\xbb\xbb\xbb\xbb\xbb"
	"\xbb\xbb\xbb\xbb\xbb\xbb\xbb\xbb\xbb\xbb\xbb\xbb\xbb\xbb\xbb\xbb"
	"\xbb\xbb\xb5\xd6\x66\x66\x6d\x66\x6d\x66\xd6\xd6\xd6\x6d\x66\xd6"
	"\x6d\x6d\x66\xd6\xd6\xdd\x6d\x66\x66\xd6\xd6\xdf\xc7\x13\x74\x43"
	"\x47\x33\x44\x44\x44\x44\x44\x44\x44\x44\x44\x44\x44\x44\x44\x44"
	"\x44\x44\x44\x44\x44\x44\x44\x44\x37\x47\x17\x17\x7d\xed\xd6\xcd"
	"\xdd\xdd\xdd\xdd\xdd\xdd\xdd\xdd\xdd\xdd\xdd\xdd\xdd\xdd\xdd\xdd"
	"\xdd\xdd\xdd\xdd\xdd\xdd\xdd\xdd\xdc\xdd\xdd\xdd\xdc\xdd\xdc\xdd"
	"\xe9\x73\x34\x74\x44\x44\x44\x44\x44\x44\x44\x44\x44\x44\x33\x31"
	"\x74\x43\x34\x73\x9c\x5b\x5b\x55\x55\x55\x55\x55\x55\x5b\xdc\xdd"
	"\xb5\xbb\xbb\xbb\xbb\x5b\xbb\xbb\xbb\x5b\x5b\xbb\xbb\xbb\xbb\xbb"
	"\xbb\xbb\xbb\xbb\xbb\xbb\xbb\xbb\xbb\xbb\xbb\xbb\xbb\xbb\xbb\xbb"
	"\xbb\xbb\xbb\xbb\xbb\xbb\xbb\xbb\xbb\xbb\xbb\xbb\xbb\xbb\xbb\xbb"
	"\xb5\xcb\x5b\xc6\x6d\x6d\x66\x6d\x66\x6d\x66\x66\x66\xd6\x6d\x66"
	"\xd6\xd6\xd6\x6d\x6d\x66\xd6\xdd\xd6\xd6\xd6\xe6\x60\x97\x44\x77"
	"\x34\x43\x13\x74\x44\x44\x44\x44\x44\x44\x44\x44\x44\x44\x44\x44"
	"\x44\x44\x44\x44\x44\x44\x44\x47\x41\x43\x77\x38\xee\xdd\xdd\xdd"
	"\xdd\xdd\xdd\xdd\xdd\xdd\xdd\xdd\xdd\xdd\xdd\xdc\xdd\xcd\xdc\xdd"
	"\xdd\xdd\xdc\xdd\xdc\xdd\xdd\xdc\xdd\xdc\xdd\xcd\xcd\xdd\xcd\xdc"
	"\xdf\x97\x43\x34\x44\x44\x44\x44\x44\x44\x44\x44\x44\x44\x33\x34"
	"\x34\x33\x74\x75\xda\x55\x55\x55\x55\x55\x55\x55\x55\xbc\xdd\xdc"
	"\xb5\xbb\xbb\xbb\xbb\xbb\xbb\xbb\xbb\xbb\xbb\xbb\xbb\xbb\xbb\xbb"
	"\xbb\xbb\xbb\xbb\xbb\xbb\xbb\xbb\xbb\xbb\xbb\xbb\xbb\xbb\xbb\xbb"
	"\xbb\xbb\xbb\xbb\xbb\xbb\xbb\xbb\xbb\xbb\xbb\xbb\xbb\xbb\xbb\xbb"
	"\xb5\xbb\x5c\x5d\x66\x6d\x6d\x66\x6d\x66\x66\xd6\x6d\x66\xd6\x6d"
	"\x66\x6d\x6d\xd6\xdd\x6d\xd6\xd6\x66\x6d\x6d\xdd\xed\xf5\x74\x34"
	"\x14\x34\x74\x34\x44\x44\x44\x44\x44\x44\x44\x44\x44\x44\x44\x44"
	"\x44\x44\x44\x44\x44\x44\x44\x44\x47\x11\x71\x90\xdc\xdd\xdd\xdd"
	"\xdd\xdd\xdd\xdd\xdd\xdd\xdd\xdd\xdd\xdd\xdd\xdd\xdd\xdd\xdd\xdd"
	"\xdd\xdd\xdd\xdc\xdd\xdd\xcd\xdd\xdc\xdd\xdc\xdd\xdd\xcd\xdd\xdc"
	"\xcd\xe2\x73\x44\x44\x44\x44\x44\x44\x44\x44\x44\x44\x44\x33\x33"
	"\x43\x34\x42\xa5\xbd\x55\x55\xb5\x55\x55\x55\x55\x55\xbc\xdd\xcc"
	"\xb5\xbb\xbb\xbb\xbb\xbb\xbb\xbb\xbb\xbb\xbb\xbb\xbb\xbb\xbb\xbb"
	"\xbb\xbb\xbb\xbb\xbb\xbb\xbb\xbb\xbb\xbb\xbb\xbb\xbb\xbb\xbb\xbb"
	"\xbb\xbb\xbb\xbb\xbb\xbb\xbb\xbb\xbb\xbb\xbb\xbb\xbb\xbb\xbb\xb5"
	"\xb5\xbb\xbb\xbc\xd6\x66\x66\x6d\x66\x6d\x6d\x6d\x66\xd6\x6d\x66"
	"\xd6\xd6\xd6\x6d\x66\xdd\x6d\x6d\xdd\x6d\x66\xdd\xdd\x6e\x09\x73"
	"\x37\x41\x44\x44\x44\x44\x44\x44\x44\x44\x44\x44\x44\x44\x44\x44"
	"\x44\x44\x44\x44\x44\x44\x44\x44\x13\x73\x1d\xec\xdd\xcd\xdd\xdd"
	"\xdd\xdd\xdd\xdd\xdd\xdd\xdd\xdd\xdd\xdd\xdd\xdd\xdd\xdd\xdd\xdd"
	"\xcd\xdc\xdd\xdd\xdd\xdd\xdd\xcd\xdd\xdc\xdd\xdd\xcd\xdd\xcd\xdd"
	"\xcd\xc0\x91\x74\x44\x44\x44\x44\x44\x44\x44\x44\x44\x44\x33\x31"
	"\x73\x77\x86\xbc\xa5\x5b\x55\x55\x55\x55\x55\x55\x55\xcd\xcd\xd5"
	"\x5b\xbb\xbb\xbb\xbb\x5b\xbb\xbb\xbb\xbb\xbb\xbb\xbb\xbb\xbb\xbb"
	"\xbb\xbb\xbb\xbb\xbb\xbb\xbb\xbb\xbb\xbb\xbb\xbb\xbb\xbb\xbb\xbb"
	"\xbb\xbb\xbb\xbb\xbb\xbb\xbb\xbb\xbb\xbb\xbb\xbb\xbb\xbb\xbb\xbb"
	"\x5b\x5b\xb5\xc5\xde\xd6\x66\x66\x6d\x66\x66\x66\xd6\x6d\x66\xd6"
	"\x66\x6d\x6d\x6d\xdd\x66\xd6\xdd\x6d\x6d\x66\xd6\xde\xdd\xd0\xc2"
	"\x41\x34\x43\x44\x44\x44\x44\x44\x44\x44\x44\x44\x44\x44\x44\x44"
	"\x44\x44\x44\x44\x44\x44\x44\x44\x73\x39\xdd\x6d\xc6\xdc\xdd\xdd"
	"\xdd\xdd\xdd\xdd\xcd\xdd\xdd\xdd\xdd\xdc\xdd\xdd\xdd\xcd\xdd\xdd"
	"\xdd\xdd\xdd\xdd\xcd\xcd\xdd\xdd\xdd\xdd\xcd\xcd\xcd\xcd\xdc\xdc"
	"\xcc\xdc\xf9\x44\x44\x44\x44\x44\x44\x44\x44\x44\x44\x44\x33\x37"
	"\x14\x2a\xca\xb5\xb5\x55\x55\x55\x55\x55\x55\x55\x55\xcd\xdd\xd5"
	"\x5b\xbb\xbb\xbb\xbb\xbb\xbb\xbb\x5b\xbb\xbb\xbb\xbb\xbb\xbb\xbb"
	"\xbb\xbb\xbb\xbb\xbb\xbb\xbb\xbb\xbb\xbb\xbb\xbb\xbb\xbb\xbb\xbb"
	"\xbb\xbb\xbb\xbb\xbb\xbb\xbb\xbb\xbb\xbb\xbb\xbb\xbb\xbb\xbb\xbb"
	"\xbb\xbb\xbb\xb5\x56\x6d\x66\x66\xd6\x6d\x6d\x6d\x66\xd6\x6d\x6d"
	"\x6d\xd6\xd6\xd6\x66\xdd\x6d\xd6\x6d\xd6\xdd\x6d\x6d\xd6\xdd\x6f"
	"\xd2\x71\x34\x74\x73\x33\x44\x34\x43\x34\x44\x43\x33\x33\x33\x33"
	"\x33\x33\x33\x37\x34\x44\x14\x74\x32\x50\xdd\xdd\xdd\xdd\xdd\xdd"
	"\xdd\xdd\xdd\xdd\xdd\xdd\xcd\xdd\xdd\xdd\xdd\xdd\xcd\xdd\xdc\xdd"
	"\xdd\xdd\xdc\xdd\xdd\xdd\xcd\xdc\xdc\xdd\xdd\xdd\xdd\xdd\xdd\xdd"
	"\xcd\xdd\xdf\x97\x34\x73\x71\x47\x43\x34\x77\x74\x34\x13\x44\x47"
	"\x7a\xd5\x5b\x55\x55\x55\x55\x55\x55\x55\x55\x55\x5b\xdd\xcd\xbb"
	"\xbb\xbb\xbb\xbb\xbb\xbb\xbb\xbb\xbb\xbb\xbb\xbb\xbb\xbb\xbb\xbb"
	"\xbb\xbb\xbb\xbb\xbb\xbb\xbb\xbb\xbb\xbb\xbb\xbb\xbb\xbb\xbb\xbb"
	"\xbb\xbb\xbb\xbb\xbb\xbb\xbb\xbb\xbb\xbb\xbb\xbb\xbb\xbb\xbb\xbb"
	"\xbb\xbb\xbb\xb5\xbd\x66\x6d\x6d\x66\xd6\xd6\x66\x6d\x6d\xd6\xd6"
	"\xd6\xd6\xd6\xd6\xdd\xd6\xdd\x66\xdd\x6d\xd6\xdd\x6d\x6d\xd6\xdd"
	"\x6f\xa8\x14\x14\x44\x74\x44\x47\x73\x34\x74\x33\x34\x44\x33\x14"
	"\x44\x43\x33\x41\x73\x14\x73\x14\x96\xdd\xdc\x6d\xdd\xdd\xdd\xdc"
	"\xdd\xdd\xdd\xdd\xdd\xdd\xdd\xdd\xdd\xdd\xdd\xdc\xdd\xdd\xcd\xdd"
	"\xcd\xcd\xdd\xdd\xdd\xdd\xdd\xdd\xdd\xcd\xcd\xcd\xcd\xdc\xdd\xcc"
	"\xdd\xcd\xcc\xfa\x73\x14\x17\x33\x34\x44\x33\x17\x73\x43\x43\x79"
	"\xdc\xac\xca\xb5\x55\x55\x55\x55\x55\x55\x55\x55\x5c\xdd\xdc\xcb"
	"\xbb\xbb\xbb\xbb\xbb\xbb\xbb\xbb\xbb\xbb\xbb\xbb\xbb\xbb\xbb\xbb"
	"\xbb\xbb\xbb\xbb\xbb\xbb\xbb\xbb\xbb\xbb\xbb\xbb\xbb\xbb\xbb\xbb"
	"\xbb\xbb\xbb\xbb\xbb\xbb\xbb\xbb\xbb\xbb\xbb\xbb\xbb\xbb\xbb\xbb"
	"\xbb\xbb\xbb\xb5\xbb\xd6\xd6\x66\xd6\x6d\x66\xdd\xd6\xd6\x6d\x6d"
	"\x6d\x6d\x6d\x6d\x6d\x6d\xd6\xdd\xd6\xdd\x6d\x6d\xd6\xdd\x6d\xde"
	"\xdd\xff\x62\x23\x74\x43\x43\x31\x47\x41\x34\x74\x44\x43\x33\x34"
	"\x31\x14\x74\x31\x41\x31\x12\x9f\x0d\xdd\xcd\xcd\xdd\xdd\xdd\xdd"
	"\xdd\xdd\xdd\xdc\xdd\xcd\xdd\xdd\xdc\xdd\xdc\xdd\xdd\xcd\xdd\xdd"
	"\xdd\xdd\xdc\xdc\xdc\xdc\xdd\xcd\xcd\xdd\xdd\xdd\xdc\xdd\xcd\xdc"
	"\xdd\xcd\x6b\xd6\xe2\x44\x44\x34\x43\x33\x44\x74\x37\x47\x2a\xdc"
	"\xc5\xb5\x5b\xb5\x55\x55\x55\x55\x55\x55\x55\x55\xbd\xcd\xdb\xbb"
	"\xbb\xbb\xbb\xbb\xbb\xbb\xbb\xbb\xbb\xbb\xbb\xbb\xbb\xbb\xbb\xbb"
	"\xbb\xbb\xbb\xbb\xbb\xbb\xbb\xbb\xbb\xbb\xbb\xbb\xbb\xbb\xbb\xbb"
	"\xbb\xbb\xbb\xbb\xbb\xbb\xbb\xbb\xbb\xbb\xbb\xbb\xbb\xbb\xbb\xbb"
	"\xbb\xbb\xbb\xbb\xb5\xc6\x6d\x6d\x6d\x66\xd6\x66\x6d\x6d\x6d\x6d"
	"\xd6\xd6\xd6\xd6\xd6\xd6\x6d\x6d\x6d\x66\xd6\xd6\xdd\x6d\xd6\xdd"
	"\xde\xd6\x6f\xd9\x21\x14\x33\x47\x31\x37\x43\x13\x33\x33\x34\x43"
	"\x47\x41\x11\x37\x33\x37\x9c\x6d\xdd\xdd\xdd\xdd\xdd\xdd\xdd\xdd"
	"\xdd\xdd\xdd\xdd\xdd\xdd\xdd\xdd\xdd\xdd\xdd\xdc\xdd\xdd\xcd\xcd"
	"\xdd\xdd\xdd\xdd\xdd\xdd\xdd\xdd\xdd\xcd\xdc\xdd\xdd\xdd\xdd\xdd"
	"\xdd\xdb\xcd\xdc\xd6\xa4\x74\x47\x43\x43\x34\x13\x78\x9b\xbc\xb5"
	"\xb5\x55\x55\x55\x55\x55\x55\x55\x55\x55\x55\x55\xcd\xcd\xcb\xbb"
	"\xbb\xbb\xbb\xbb\xbb\xbb\xbb\xbb\xbb\xbb\xbb\xbb\xbb\xbb\xbb\xbb"
	"\xbb\xbb\xbb\xbb\xbb\xbb\xbb\xbb\xbb\xbb\xbb\xbb\xbb\xbb\xbb\xbb"
	"\xbb\xbb\xbb\xbb\xbb\xbb\xbb\xbb\xbb\xbb\xbb\xbb\xbb\xbb\xbb\xbb"
	"\xbb\xbb\xbb\xbb\xbb\xbd\x6d\x6d\x66\xdd\x6d\x6d\xd6\xd6\xd6\xd6"
	"\x6d\x6d\x6d\x6d\x6d\x6d\xd6\xd6\xd6\xdd\xdd\x6d\xd6\xdd\x6d\x6d"
	"\x6d\xd6\xdd\xde\xf6\xa2\x44\x41\x33\x31\x37\x73\x44\x47\x44\x34"
	"\x33\x34\x43\x33\x22\xaf\xfd\x6d\xdd\xdd\x6d\xdd\xdd\xdd\xdd\xdd"
	"\xdd\xdd\xdd\xdd\xdd\xdd\xdc\xdd\xdd\xdc\xdd\xdd\xdc\xdd\xdd\xdd"
	"\xdd\xdc\xcd\xcd\xdd\xdd\xdd\xdd\xdd\xdd\xdd\xdd\xdd\xdd\xdd\xdd"
	"\xdc\x66\xdd\xcd\xd6\x6f\x97\x77\x72\x22\x99\xac\xbc\xc5\xbb\x55"
	"\x5b\x55\x55\x55\x55\x55\x55\x55\x55\x55\x55\x5b\xdd\xdd\xbb\xbb"
	"\xbb\xbb\xbb\xbb\xbb\xbb\xbb\xbb\xbb\xbb\xbb\xbb\xbb\xbb\xbb\xbb"
	"\xbb\xbb\xbb\xbb\xbb\xbb\xbb\xbb\xbb\xbb\xbb\xbb\xbb\xbb\xbb\xbb"
	"\xbb\xbb\xbb\xbb\xbb\xbb\xbb\xbb\xbb\xbb\xbb\xbb\xbb\xbb\xbb\xbb"
	"\xbb\xbb\xbb\xbb\xbb\xbc\x6d\x66\x6d\x66\x6d\xdd\x66\xd6\xd6\xd6"
	"\xd6\xd6\xd6\xd6\xd6\xdd\x6d\x6d\xdd\xd6\xd6\xdd\x6d\xd6\xdd\xdd"
	"\xdd\xdd\xdd\x6d\xd6\xee\xda\x92\x73\x13\x33\x13\x31\x11\x11\x31"
	"\x43\x11\x42\x8a\xc6\xed\xdd\xdd\xdc\xdd\xdd\xdd\xdd\xdd\xdd\xdd"
	"\xdc\xdd\xcd\xdd\xcd\xdc\xdd\xdc\xdd\xdd\xdc\xdd\xcd\xdd\xdd\xcd"
	"\xcd\xcc\xbb\xb5\x5b\x55\xb5\x5b\xbb\xbb\xbb\xbb\xbb\xbb\xbb\xbc"
	"\xcc\x5b\xcb\xcb\xbb\xcb\xd5\xa5\x5b\xbc\xcb\xb5\xc5\x55\x55\x55"
	"\x55\x55\x55\xb5\x55\x55\x55\x55\x55\x55\x55\xbc\xdc\xdd\x5b\xbb"
	"\xbb\xbb\xbb\xbb\xbb\xbb\xbb\xbb\xbb\xbb\xbb\xbb\xbb\xbb\xbb\xbb"
	"\xbb\xbb\xbb\xbb\xbb\xbb\xbb\xbb\xbb\xbb\xbb\xbb\xbb\xbb\xbb\xbb"
	"\xbb\xbb\xbb\xbb\xbb\xbb\xbb\xbb\xbb\xbb\xbb\xbb\xbb\xbb\xbb\xbb"
	"\xbb\xbb\xbb\xbb\xbb\xb5\xd6\x6d\xd6\xdd\xd6\x66\xdd\x6d\x6d\x6d"
	"\x6d\x6d\x6d\x6d\x6d\xd6\xd6\xdd\x6d\x6d\x6d\x6d\xdd\xdd\xdd\xd6"
	"\xd6\xdd\xdd\xdd\xdd\x6d\xd6\xf0\xf6\x5a\x98\x82\x22\x22\x28\x88"
	"\x9a\xc6\xee\xe6\xdd\xdd\xdd\xdd\xdd\xdd\xdd\xdd\xdd\xdd\xdc\xdd"
	"\xdd\xdd\xdd\xdd\xdd\xdd\xdd\xdd\xdd\xcd\xdd\xdd\xdd\xdd\xcd\xdd"
	"\xdc\xc5\x55\x55\x55\x55\x55\x55\x55\x55\x55\x55\x55\x55\x55\x55"
	"\x55\xbb\x55\x55\x55\x55\x55\xc5\x55\x55\x5b\x5c\x5b\x55\x5b\x55"
	"\x55\x55\x55\x55\x55\x55\x55\x55\x55\x55\x55\xcd\xdd\xcc\xbb\xbb"
	"\xbb\xbb\xbb\xbb\xbb\xbb\xbb\xbb\xbb\xbb\xbb\xbb\xbb\xbb\xbb\xbb"
	"\xbb\xbb\xbb\xbb\xbb\xbb\xbb\xbb\xbb\xbb\xbb\xbb\xbb\xbb\xbb\xbb"
	"\xbb\xbb\xbb\xbb\xbb\xbb\xbb\xbb\xbb\xbb\xbb\xbb\xbb\xbb\xbb\xbb"
	"\xbb\xbb\xbb\xbb\xbb\xb5\x56\x66\xd6\x66\xdd\xd6\x6d\xd6\xd6\xd6"
	"\xd6\xd6\xd6\xd6\xd6\xd6\xd6\xd6\xd6\xdd\xdd\x6d\x6d\x6d\x6d\x6d"
	"\x6d\xdd\xdd\x66\xdd\xd6\xdd\xdd\xdd\x66\xee\xee\xe6\xdd\x6e\xee"
	"\xe6\x6d\xdd\xdd\xdd\xcd\xdd\xdd\xdd\xdd\xdc\xdd\xdd\xdd\xdd\xdd"
	"\xdd\xdd\xdd\xdd\xdd\xdd\xdd\xdd\xcd\xdd\xcd\xcd\xcd\xcd\xdd\xdd"
	"\xc5\x55\x5b\xb5\x55\x55\x55\x55\x55\x55\x55\x55\x55\x55\x55\x5b"
	"\xb5\x55\x5b\x55\x55\xb5\xbb\xb5\x55\x55\x55\x55\xb5\xb5\xb5\x55"
	"\x55\x55\x55\x55\x55\x55\x55\x55\x55\x55\x5b\xcd\xcd\xcc\xbb\xbb"
	"\xbb\xbb\xbb\xbb\xbb\xbb\xbb\xbb\xbb\xbb\xbb\xbb\xbb\xbb\xbb\xbb"
	"\xbb\xbb\xbb\xbb\xbb\xbb\xbb\xbb\xbb\xbb\xbb\xbb\xbb\xbb\xbb\xbb"
	"\xbb\xbb\xbb\xbb\xbb\xbb\xbb\xbb\xbb\xbb\xbb\xbb\xbb\xbb\xbb\xbb"
	"\xbb\xbb\xbb\xbc\xbb\xb5\x5c\x6d\xd6\xdd\x66\xdd\xd6\xdd\x6d\xd6"
	"\xd6\xdd\x6d\x6d\x6d\x6d\xdd\x6d\xdd\x6d\x6d\xdd\xdd\xdd\xdd\xdd"
	"\xdd\xdd\xdd\xdd\xdd\xdd\xdd\xdd\xdd\xdd\xdd\xdd\xdd\xdd\xdd\xdd"
	"\xdd\xdd\xdd\xdd\xdd\xdd\xdd\xdd\xdd\xdd\xdd\xdd\xdd\xdd\xdd\xdc"
	"\xdd\xcd\xdc\xdd\xdc\xdd\xdc\xdd\xdd\xdc\xdd\xdd\xdd\xdd\xdd\xdc"
	"\xb5\x55\x55\x55\x55\x55\x55\x55\x55\x55\x55\x55\x55\x55\x55\x55"
	"\x55\x55\x55\x55\x55\x55\x55\x55\x55\x55\x55\x55\x55\x55\x55\x55"
	"\x55\x55\x55\x55\x55\x55\x55\x55\xbb\x55\xbb\xdd\xcd\xbb\xbb\x5b"
	"\xbb\xbb\xbb\xbb\xbb\xbb\xbb\xbb\xbb\xbb\xbb\xbb\xbb\xbb\xbb\xbb"
	"\xbb\xbb\xbb\xbb\xbb\xbb\xbb\xbb\xbb\xbb\xbb\xbb\xbb\xbb\xbb\xbb"
	"\xbb\xbb\xbb\xbb\xbb\xbb\xbb\xbb\xbb\xbb\xbb\xbb\xbb\xbb\xbb\xbb"
	"\xbb\xbb\xbb\xbc\xbb\xcb\x5b\xc6\x6d\x66\xdd\x66\x6d\x66\xd6\xd6"
	"\xd6\xd6\xd6\xd6\xdd\xd6\xd6\xdd\x6d\xdd\xdd\xdd\xdd\xdd\xdd\xdd"
	"\xdd\xdd\xdd\xdd\xdd\xdd\xdd\xdd\xdd\xdd\xdd\xdd\xdd\xdd\xdd\xdd"
	"\xdd\xdd\xdd\xdd\xdd\xdd\xdd\xdd\xdd\xdd\xdd\xdd\xdd\xdc\xdc\xdd"
	"\xdd\xdd\xdd\xdc\xdd\xdc\xdd\xdc\xdc\xdd\xdc\xdc\xcd\xdd\xcd\xdb"
	"\x55\x55\x55\x55\x55\x55\x55\x55\x55\x55\x55\x55\x55\x55\x55\x55"
	"\x55\x55\x55\x55\x55\x55\x55\x55\x55\x55\x55\x55\x55\x55\x55\x55"
	"\x55\x55\x55\x55\x55\x55\x55\x55\xb5\x55\x5d\xcd\xcc\xbb\xbb\xbb"
	"\xbb\xbb\xbb\xbb\xbb\xbb\xbb\xbb\xbb\xbb\xbb\xbb\xbb\xbb\xbb\xbb"
	"\xbb\xbb\xbb\xbb\xbb\xbb\xbb\xbb\xbb\xbb\xbb\xbb\xbb\xbb\xbb\xbb"
	"\xbb\xbb\xbb\xbb\xbb\xbb\xbb\xbb\xbb\xbb\xbb\xbb\xbb\xbb\xbb\xbb"
	"\xbb\xbb\xbb\xbb\xbb\xbb\xbb\x5d\xed\xd6\xd6\xdd\xd6\xdd\x6d\x6d"
	"\x6d\x6d\x6d\xdd\x6d\x6d\xdd\xdd\xdd\x6d\xd6\xdd\xdd\xdd\xdd\xdd"
	"\xdd\xdd\xdd\xdd\xdd\xdd\xdd\xdd\xdd\xdd\xdd\xdd\xdd\xdd\xdd\xdd"
	"\xdd\xdd\xdd\xdd\xdd\xdd\xdd\xdd\xdd\xdd\xdd\xdd\xdd\xdd\xdd\xdd"
	"\xdd\xdd\xdd\xdd\xcd\xdd\xdd\xdd\xdd\xcd\xcd\xdd\xdc\xdc\xdc\xb5"
	"\x55\x55\x55\x55\x55\x55\x55\x55\x55\x55\x55\x55\x55\x55\x55\x55"
	"\x55\x55\x55\x55\x55\x55\x55\x55\x55\x55\x55\x55\x55\x55\x55\x55"
	"\x55\x55\x55\x55\x55\x55\x55\x55\x55\x55\xcd\xcd\xcc\xbb\xbb\xbb"
	"\xbb\xbb\xbb\xbb\xbb\xbb\xbb\xbb\xbb\xbb\xbb\xbb\xbb\xbb\xbb\xbb"
	"\xbb\xbb\xbb\xbb\xbb\xbb\xbb\xbb\xbb\xbb\xbb\xbb\xbb\xbb\xbb\xbb"
	"\xbb\xbb\xbb\xbb\xbb\xbb\xbb\xbb\xbb\xbb\xbb\xbb\xbb\xbb\xbb\xbb"
	"\xbb\xbb\xbb\xbb\xbb\xbb\xcb\x5d\xd6\xd6\x6d\xd6\xdd\x6d\xdd\xd6"
	"\xdd\xd6\xd6\xd6\xd6\xdd\x6d\x6d\x6d\xd6\xdd\x6d\xdd\xdd\xdd\xdd"
	"\xdd\xdd\xdd\xdd\xdd\xdd\xdd\xdd\xdd\xdd\xdd\xdd\xdd\xdd\xdd\xdd"
	"\xdd\xdd\xdd\xdd\xdd\xdd\xdd\xdd\xdd\xdd\xdd\xdd\xdd\xdd\xdd\xcd"
	"\xdc\xdd\xcd\xdd\xdd\xcd\xdc\xdc\xdd\xdd\xdc\xdd\xdd\xcd\xcb\xa5"
	"\x55\x55\x55\x55\x55\x55\x55\x55\x55\x55\x55\x55\x55\x55\x55\x55"
	"\x55\x55\x55\x55\x55\x55\x55\x55\x55\x55\x55\x55\x55\x55\x55\x55"
	"\x55\x55\x55\x55\x55\x55\x55\x55\x55\x55\xdd\xcd\xcb\xbb\xbb\xbb"
	"\xbb\xbb\xbb\xbb\xbb\xbb\xbb\xbb\xbb\xbb\xbb\xbb\xbb\xbb\xbb\xbb"
	"\xbb\xbb\xbb\xbb\xbb\xbb\xbb\xbb\xbb\xbb\xbb\xbb\xbb\xbb\xbb\xbb"
	"\xbb\xbb\xbb\xbb\xbb\xbb\xbb\xbb\xbb\xbb\xbb\xbb\xbb\xbb\xbb\xbb"
	"\xbb\xbb\xbb\xbb\xcb\xbb\xbb\xbb\xc6\x6d\xdd\x6d\x6d\xd6\xd6\xdd"
	"\x6d\x6d\xdd\x6d\xdd\xd6\xdd\xdd\xdd\xdd\xdd\xdd\xdd\xdd\xdd\xdd"
	"\xdd\xdd\xdd\xdd\xdd\xdd\xdd\xdd\xdd\xdd\xdd\xdd\xdd\xdd\xdd\xdd"
	"\xdd\xdd\xdd\xdd\xdd\xdd\xdd\xdd\xdd\xdd\xdd\xdd\xcd\xdc\xdd\xdd"
	"\xdd\xdd\xdd\xdc\xdd\xdd\xdd\xdd\xdc\xdc\xdd\xdc\xdc\x6c\x5a\xb5"
	"\x55\x55\x55\x55\x55\x55\x55\x55\x55\x55\x55\x55\x55\x55\x55\x55"
	"\x55\x55\x55\x55\x55\x55\x55\x55\x55\x55\x55\x55\x55\x55\x55\x55"
	"\x55\x55\x55\x55\x55\x55\x55\x55\x5b\x5c\xdc\xdc\xcb\xbb\x5c\xbb"
	"\xbb\xbb\xbb\xbb\xbb\xbb\xbb\xbb\xbb\xbb\xbb\xbb\xbb\xbb\xbb\xbb"
	"\xbb\xbb\xbb\xbb\xbb\xbb\xbb\xbb\xbb\xbb\xbb\xbb\xbb\xbb\xbb\xbb"
	"\xbb\xbb\xbb\xbb\xbb\xbb\xbb\xbb\xbb\xbb\xbb\xbb\xbb\xbb\xbb\xbb"
	"\xbb\xbb\xbb\xbb\xbb\xbb\xbb\xbb\x5d\x6d\x6d\xd6\xdd\x6d\xdd\xd6"
	"\xd6\xd6\xd6\xdd\xd6\xdd\xdd\xd6\xd6\xd6\xd6\xdd\xdd\xdd\xdd\xdd"
	"\xdd\xdd\xdd\xdd\xdd\xdd\xdd\xdd\xdd\xdd\xdd\xdd\xdd\xdd\xdd\xdd"
	"\xdd\xdd\xdd\xdd\xdd\xdd\xdd\xdd\xdd\xdd\xdd\xdd\xdd\xdd\xdc\xdd"
	"\xcd\xdc\xdd\xdd\xdd\xdc\xdd\xdd\xcd\xdd\xcd\xcd\xdd\xbb\x55\x55"
	"\x55\x55\x55\x55\x55\x55\x55\x55\x55\x55\x55\x55\x55\x55\x55\x55"
	"\x55\x55\x55\x55\x55\x55\x55\x55\x55\x55\x55\x55\x55\x55\x55\x55"
	"\x55\x55\x55\x55\x55\x55\x55\x55\xb5\xbd\xdd\xcc\xbb\xbb\xbb\xcb"
	"\xbb\xbb\xbb\xbb\xbb\xbb\xbb\xbb\xbb\xbb\xbb\xbb\xbb\xbb\xbb\xbb"
	"\xbb\xbb\xbb\xbb\xbb\xbb\xbb\xbb\xbb\xbb\xbb\xbb\xbb\xbb\xbb\xbb"
	"\xbb\xbb\xbb\xbb\xbb\xbb\xbb\xbb\xbb\xbb\xbb\xbb\xbb\xbb\xbb\xbb"
	"\xbb\xbb\xbb\xbb\xbb\xcb\xbb\xbb\xbb\xcd\x6d\x6d\x6d\xd6\xd6\xdd"
	"\xdd\xdd\xdd\xd6\xdd\x6d\xd6\xdd\xdd\xdd\xdd\xdd\xdd\xdd\xdd\xdd"
	"\xdd\xdd\xdd\xdd\xdd\xdd\xdd\xdd\xdd\xdd\xdd\xdd\xdd\xdd\xdd\xdd"
	"\xdd\xdc\xdd\xdd\xdd\xdd\xdd\xdd\xdc\xdd\xdc\xdd\xdd\xdd\xdd\xdd"
	"\xdd\xdd\xdc\xdc\xdc\xdd\xdc\xdc\xdc\xdc\xdd\xcc\xdc\x5a\x55\x55"
	"\x55\x55\x55\x55\x55\x55\x55\x55\x55\x55\x55\x55\x55\x55\x55\x55"
	"\x55\x55\x55\x55\x55\x55\x55\x55\x55\x55\x55\x55\x55\x55\x55\x55"
	"\x55\x55\x55\x55\x55\x55\x55\x55\xbb\xdc\xdd\xcc\xbb\xbb\xbb\xbb"
	"\xbb\xbb\xbb\xbb\xbb\xbb\xbb\xbb\xbb\xbb\xbb\xbb\xbb\xbb\xbb\xbb"
	"\xbb\xbb\xbb\xbb\xbb\xbb\xbb\xbb\xbb\xbb\xbb\xbb\xbb\xbb\xbb\xbb"
	"\xbb\xbb\xbb\xbb\xbb\xbb\xbb\xbb\xbb\xbb\xbb\xbb\xbb\xbb\xbb\xbb"
	"\xbb\xbb\xbb\xbb\xcb\xbb\xbb\xbc\xc5\xb6\xdd\x6d\xd6\xdd\xdd\xd6"
	"\xd6\xd6\xdd\xdd\xdd\xdd\xdd\x6d\x6d\x6d\x6d\x6d\xdd\xdd\xdd\xdd"
	"\xdd\xdd\xdd\xdd\xdd\xdd\xdd\xdd\xdd\xdd\xdd\xdd\xdd\xdd\xdd\xdd"
	"\xdc\xdd\xdc\xdd\xdd\xdd\xdd\xdd\xdd\xdd\xdd\xdd\xdd\xcd\xcd\xdc"
	"\xdd\xcd\xdd\xdd\xdd\xcd\xdd\xdd\xdd\xcd\xcd\xdd\xba\x55\x55\x55"
	"\x55\x55\x55\x55\x55\x55\x55\x55\x55\x55\x55\x55\x55\x55\x55\x55"
	"\x55\x55\x55\x55\x55\x55\x55\x55\x55\x55\x55\x55\x55\x55\x55\x55"
	"\x55\x55\x55\x55\x55\x55\x55\x55\xac\xdd\xdd\xcb\xbb\xbb\xbb\xcb"
	"\xbb\xbb\xbb\xbb\xbb\xbb\xbb\xbb\xbb\xbb\xbb\xbb\xbb\xbb\xbb\xbb"
	"\xbb\xbb\xbb\xbb\xbb\xbb\xbb\xbb\xbb\xbb\xbb\xbb\xbb\xbb\xbb\xbb"
	"\xbb\xbb\xbb\xbb\xbb\xbb\xbb\xbb\xbb\xbb\xbb\xbb\xbb\xbb\xbb\xbb"
	"\xbb\xbb\xbb\xbb\xbb\xbb\xbb\xbc\xcb\xbc\xd6\xdd\x6d\xd6\xdd\x6d"
	"\xdd\xdd\xd6\xd6\xd6\xd6\xdd\xdd\xdd\xdd\xdd\xdd\xdd\xdd\xdd\xdd"
	"\xdd\xdd\xdd\xdd\xdd\xdd\xdd\xdd\xdd\xdd\xdd\xdd\xdd\xdd\xdd\xdd"
	"\xdd\xdd\xdd\xdd\xdd\xcd\xdd\xdd\xdd\xdc\xdd\xdc\xdc\xdd\xdd\xdd"
	"\xdc\xdd\xcd\xcc\xcd\xdd\xcd\xcd\xcd\xdd\xdc\xb5\x55\x55\x55\x55"
	"\x55\x55\x55\x55\x55\x55\x55\x55\x55\x55\x55\x55\x55\x55\x55\x55"
	"\x55\x55\x55\x55\x55\x55\x55\x55\x55\x55\x55\x55\x55\x55\x55\x55"
	"\x55\x55\x55\x55\x55\x55\x55\xb5\xbd\xcd\xdc\xcb\xbb\xbb\xbb\xbb"
	"\xbb\xbb\xbb\xbb\xbb\xbb\xbb\xbb\xbb\xbb\xbb\xbb\xbb\xbb\xbb\xbb"
	"\xbb\xbb\xbb\xbb\xbb\xbb\xbb\xbb\xbb\xbb\xbb\xbb\xbb\xbb\xbb\xbb"
	"\xbb\xbb\xbb\xbb\xbb\xbb\xbb\xbb\xbb\xbb\xbb\xbb\xbb\xbb\xbb\xbb"
	"\xbb\xbb\xbb\xbb\xbb\xbb\xbb\xbb\xcc\x5b\xd6\xdd\xd6\xd6\xd6\xdd"
	"\x6d\x6d\x6d\xdd\xdd\xdd\xdd\xdd\xdd\xdd\xdd\xdd\xdd\xdd\xdd\xdd"
	"\xdd\xdd\xdd\xdd\xdd\xdd\xdd\xdd\xdd\xdd\xdd\xdd\xdd\xdd\xdd\xdd"
	"\xdd\xdd\xdd\xdc\xdd\xdd\xdd\xdd\xdd\xdd\xdd\xdd\xdd\xdd\xdc\xdd"
	"\xcd\xdc\xdd\xdd\xdd\xcc\xdd\xdc\xdd\xcd\xdc\x55\x55\x55\x55\x55"
	"\x55\x55\x55\x55\x55\x55\x55\x55\x55\x55\x55\x55\x55\x55\x55\x55"
	"\x55\x55\x55\x55\x55\x55\x55\x55\x55\x55\x55\x55\x55\x55\x55\x55"
	"\x55\x55\x55\x55\x55\x5b\x55\x5b\xcd\xcd\xdc\xbb\xbb\xbb\xbb\xbb"
	"\xbb\xbb\xbb\xbb\xbb\xbb\xbb\xbb\xbb\xbb\xbb\xbb\xbb\xbb\xbb\xbb"
	"\xbb\xbb\xbb\xbb\xbb\xbb\xbb\xbb\xbb\xbb\xbb\xbb\xbb\xbb\xbb\xbb"
	"\xbb\xbb\xbb\xbb\xbb\xbb\xbb\xbb\xbb\xbb\xbb\xbb\xbb\xbb\xbb\xbb"
	"\xbb\xbb\xbb\xbb\xbb\xbb\xbb\xbb\xbb\xbb\xbd\x6d\xd6\x6d\x6d\x6d"
	"\xdd\xdd\xdd\xdd\xdd\xdd\xdd\xdd\xdd\xdd\xdd\xdd\xdd\xdd\xdd\xdd"
	"\xdd\xdd\xdd\xdd\xdd\xdd\xdd\xdd\xdd\xdd\xdd\xdd\xdd\xdd\xdd\xdd"
	"\xdd\xdd\xcd\xdd\xdd\xdd\xdd\xcd\xdd\xdd\xdd\xdc\xdc\xdc\xdd\xcd"
	"\xdc\xdd\xdc\xdd\xdc\xdd\xdc\xdd\xcc\xdc\xb5\x55\x55\x55\x55\x55"
	"\x55\x55\x55\x55\x55\x55\x55\x55\x55\x55\x55\x55\x55\x55\x55\x55"
	"\x55\x55\x55\x55\x55\x55\x55\x55\x55\x55\x55\x55\x55\x55\x55\x55"
	"\x55\x55\x55\x55\x55\x55\xb5\x5c\xdc\xdc\xcc\xbb\xbb\xbb\xbb\xbb"
	"\xbb\xbb\xbb\xbb\xbb\xbb\xbb\xbb\xbb\xbb\xbb\xbb\xbb\xbb\xbb\xbb"
	"\xbb\xbb\xbb\xbb\xbb\xbb\xbb\xbb\xbb\xbb\xbb\xbb\xbb\xbb\xbb\xbb"
	"\xbb\xbb\xbb\xbb\xbb\xbb\xbb\xbb\xbb\xbb\xbb\xbb\xbb\xbb\xbb\xbb"
	"\xbb\xbb\xbb\xbb\xbb\xbb\xbb\xbc\xbb\xcc\xbb\xd6\xdd\xdd\x6d\x6d"
	"\xd6\xdd\x6d\x6d\xdd\xdd\xdd\xdd\x6d\x6d\x6d\x6d\xdd\xdd\xdd\xdd"
	"\xdd\xdd\xdd\xdd\xdd\xdd\xdd\xdd\xdd\xdd\xdd\xdd\xdd\xdd\xdd\xdd"
	"\xdd\xdd\xdd\xdd\xdd\xcd\xdd\xdd\xdd\xdc\xdd\xdd\xdd\xcd\xcd\xdc"
	"\xdd\xcd\xdd\xdc\xcd\xcd\xdd\xcd\xdd\xc5\x55\x55\x55\x55\x55\x55"
	"\x55\x55\x55\x55\x55\x55\x55\x55\x55\x55\x55\x55\x55\x55\x55\x55"
	"\x55\x55\x55\x55\x55\x55\x55\x55\x55\x55\x55\x55\x55\x55\x55\x55"
	"\x55\x55\x55\x55\x55\x55\x55\xbc\xdd\xcc\xbc\xcc\xbb\xbb\xbb\xbb"
	"\xbb\xbb\xbb\xbb\xbb\xbb\xbb\xbb\xbb\xbb\xbb\xbb\xbb\xbb\xbb\xbb"
	"\xbb\xbb\xbb\xbb\xbb\xbb\xbc\xbb\xcb\xbc\xbb\xcb\xbc\xbb\xcb\xbc"
	"\xbb\xcb\xbc\xbb\xcb\xbc\xbb\xcb\xbc\xbb\xcb\xbc\xbb\xcb\xbc\xbb"
	"\xcb\xbc\xbb\xcb\xbc\xbb\xcb\xbb\xcc\xbb\xbb\xbd\x6d\xdd\x6d\xd6"
	"\xdd\xdd\xdd\xdd\xdd\xdd\xdd\xdd\xdd\xdd\xdd\xdd\xdd\xdd\xdd\xdd"
	"\xdd\xdd\xdd\xdd\xdd\xdd\xdd\xdd\xdd\xdd\xdd\xdd\xdd\xdd\xdd\xdd"
	"\xdd\xdd\xdd\xdd\xdd\xdd\xdd\xdd\xcd\xdd\xdd\xdd\xcd\xdd\xdd\xcd"
	"\xdd\xdd\xcd\xcd\xdd\xdc\xcd\xdd\xcb\x55\xbb\x55\x55\x55\x55\x55"
	"\x55\x55\x55\x55\x55\x55\x55\x55\x55\x55\x55\x55\x55\x55\x55\x55"
	"\x55\x55\x55\x55\x55\x55\x55\x55\x55\x55\x55\x55\x55\x55\x55\x55"
	"\x55\x55\x55\x55\x5b\x5b\xac\xcd\xdd\xcb\xcb\xcb\xbb\xcb\xbc\xbb"
	"\xbb\xbb\xcb\xbc\xbb\xcb\xbc\xbb\xbb\xbb\xbb\xbb\xbb\xbb\xbb\xbb"
	"\xbb\xbb\xbb\xbb\xbb\xbb\xbb\xbb\xbb\xbb\xbb\xbb\xbb\xbb\xbb\xbb"
	"\xbb\xbb\xbb\xbb\xbb\xbb\xbb\xbb\xbb\xbb\xbb\xbb\xbb\xbb\xbb\xbb"
	"\xbb\xbb\xbb\xbb\xbb\xbb\xbb\xbb\xcb\xbb\xcb\xbc\x6d\xd6\xdd\xdd"
	"\xdd\xd6\xdd\xdd\xdd\xdd\xdd\xdd\xdd\xdd\xdd\xdd\xdd\xdd\xdd\xdd"
	"\xdd\xdd\xdd\xdd\xdd\xdd\xdd\xdd\xdd\xdd\xdd\xdd\xdd\xcd\xdd\xdc"
	"\xdd\xcd\xdd\xdc\xdc\xdd\xdc\xdc\xdd\xcd\xdc\xdc\xdd\xcd\xcd\xdd"
	"\xcd\xcd\xdd\xdd\xcd\xcd\xdc\xcc\x55\xbb\x55\x55\x55\x55\x55\x55"
	"\x55\x55\x55\x55\x55\x55\x55\x55\x55\x55\x55\x55\x55\x55\x55\x55"
	"\x55\x55\x55\x55\x55\x55\x55\x55\x55\x55\x55\x55\x55\x55\x55\x55"
	"\x55\x55\x55\x55\xb5\x55\x5c\xdd\xcd\xbb\xcb\xbb\xbc\xbb\xbb\xbb"
	"\xcb\xcb\xbb\xbb\xbb\xbb\xbb\xbb\xbb\xbb\xbb\xbb\xbb\xbb\xbb\xbc"
	"\xbc\xbb\xcb\xbc\xbb\xcb\xbb\xcb\xbc\xbb\xcb\xbc\xbb\xcb\xbc\xbb"
	"\xcb\xbc\xbb\xcb\xbc\xbb\xcb\xbc\xbb\xcb\xbc\xbb\xcb\xbc\xbb\xcb"
	"\xbc\xbb\xcb\xbc\xbb\xcb\xbc\xbc\xb5\xcc\xbb\xcb\xcd\xdd\xdd\xdd"
	"\x6d\xdd\xdd\xdd\xdd\xdd\xdd\xdd\xdd\xdd\xdd\xdd\xdd\xdd\xdd\xdd"
	"\xdd\xdd\xdd\xdd\xdd\xdd\xdd\xdd\xdd\xdd\xdd\xdd\xdd\xdd\xdd\xdd"
	"\xdd\xdd\xcd\xdd\xdd\xdc\xdd\xdd\xdd\xdc\xdd\xdd\xcd\xdd\xdd\xcd"
	"\xdd\xdd\xcd\xcd\xdd\xcd\xcc\x55\x5b\x55\x55\x55\x55\x55\x55\x55"
	"\x55\x55\x55\x55\x55\x55\x55\x55\x55\x55\x55\x55\x55\x55\x55\x55"
	"\x55\x55\x55\x55\x55\x55\x55\x55\x55\x55\x55\x55\x55\x55\x55\x55"
	"\x55\x55\x55\x55\xb5\x55\xcc\xdd\xcc\xbb\xcc\xbc\xcb\xbb\xcb\xcb"
	"\xbb\xbb\xcb\xcb\xcb\xcb\xcb\xbb\xbb\xbb\xbb\xbb\xbb\xbb\xbb\xbb"
	"\xbb\xbb\xbb\xbb\xbb\xbb\xbb\xbb\xbb\xbb\xbb\xbb\xbb\xbb\xbb\xbb"
	"\xbb\xbb\xbb\xbb\xbb\xbb\xbb\xbb\xbb\xbb\xbb\xbb\xbb\xbb\xbb\xbb"
	"\xbb\xbb\xbb\xbb\xbb\xbb\xbb\xbb\xbc\xbb\xbc\xbc\x5d\xdd\xdd\x6d"
	"\xdd\xdd\xdd\xdd\xdd\xdd\xdd\xdd\xdd\xdd\xdd\xdd\xdd\xdd\xdd\xdd"
	"\xdd\xdd\xdd\xdd\xdd\xdd\xdd\xdd\xdd\xdd\xdd\xdd\xdd\xdd\xcd\xdd"
	"\xdd\xdd\xdd\xdd\xdd\xdd\xdd\xdd\xcd\xdd\xdc\xdd\xdc\xdc\xdd\xdd"
	"\xcd\xdd\xdd\xdc\xcd\xdc\xbb\x55\x55\x5b\x55\x55\x55\x55\x55\x55"
	"\x55\x55\x55\x55\x55\x55\x55\x55\x55\x55\x55\x55\x55\x55\x55\x55"
	"\x55\x55\x55\x55\x55\x55\x55\x55\x55\x55\x55\x55\x55\x55\x55\x55"
	"\x55\x55\x55\x5b\x55\x55\xdd\xdc\xcb\xbc\x5c\xbc\xbc\xcb\xbb\xbb"
	"\xcb\xbb\xbb\xbb\xbb\xbb\xbb\xcb\xbb\xbb\xbb\xbb\xbb\xbb\xbb\xbb"
	"\xcb\xbc\xbb\xcb\xbc\xbb\xbb\xcb\xcb\xcb\xcb\xcb\xcb\xcb\xcb\xcb"
	"\xcb\xcb\xcb\xcb\xcb\xcb\xcb\xcb\xcb\xcb\xcb\xcb\xcb\xcb\xcb\xcb"
	"\xcb\xcb\xcb\xcb\xcb\xcb\xcb\xbc\xbc\xbc\xbc\xbc\xbc\xb6\xdd\xdd"
	"\xdd\xdd\xdd\xdd\xdd\xdd\xdd\xdd\xdd\xdd\xdd\xdd\xdd\xdd\xdd\xdd"
	"\xdd\xdd\xdd\xdd\xdd\xdd\xdd\xdd\xdd\xdd\xdd\xdd\xcd\xdd\xdd\xdd"
	"\xcd\xdd\xdd\xcd\xcd\xdd\xcd\xcd\xdd\xdd\xdd\xdd\xdd\xdd\xdc\xdd"
	"\xdd\xcd\xdc\xdd\xdc\xb5\x55\x55\x55\x55\x55\x55\x55\x55\x55\x55"
	"\x55\x55\x55\x55\x55\x55\x55\x55\x55\x55\x55\x55\x55\x55\x55\x55"
	"\x55\x55\x55\x55\x55\x55\x55\x55\x55\x55\x55\x55\x55\x55\x55\x55"
	"\x55\x55\x55\x55\x5a\xdd\xcd\xcb\xcb\xcc\xcc\xcc\xbb\xbb\xcc\xcb"
	"\xbb\xbc\xbc\xbc\xbc\xbc\xbc\xbb\xbb\xbb\xbb\xbb\xbb\xbb\xbb\xbb"
	"\xbb\xbb\xbb\xbb\xbb\xbb\xbc\xbb\xbb\xbb\xbb\xbb\xbb\xbb\xbb\xbb"
	"\xbb\xbb\xbb\xbb\xbb\xbb\xbb\xbb\xbb\xbb\xbb\xbb\xbb\xbb\xbb\xbb"
	"\xbb\xbb\xbb\xbb\xbb\xbb\xbb\xbc\xbc\xbc\xbc\xbc\xcc\xbd\xdd\xdd"
	"\xdd\xd6\xdd\xdd\xdd\xdd\xdd\xdd\xdd\xdd\xdd\xdd\xdd\xdd\xdd\xdd"
	"\xdd\xdd\xdd\xdd\xdd\xdd\xdd\xdd\xdd\xdd\xdd\xdd\xdd\xdd\xdd\xdd"
	"\xdd\xdd\xcd\xdd\xdd\xcd\xdd\xdd\xcd\xcd\xcd\xdc\xdd\xdd\xcd\xdc"
	"\xdd\xdd\xcd\xdb\x55\x55\x55\x55\x55\x55\x55\x55\x55\x55\x55\x55"
	"\x55\x55\x55\x55\x55\x55\x55\x55\x55\x55\x55\x55\x55\x55\x55\x55"
	"\x55\x55\x55\x55\x55\x55\x55\x55\x55\x55\x55\x55\x55\x55\x55\x55"
	"\x55\x55\x55\x55\xab\xcc\xdc\xdb\xbc\xbc\xbc\xbc\xcc\xcc\xcb\xbb"
	"\xcb\xcb\xbb\xbb\xbb\xbb\xbb\xcb\xbc\xbc\xbc\xbc\xbc\xbc\xbc\xbc"
	"\xbc\xbc\xbc\xbc\xbc\xbc\xbb\xbc\xbc\xbc\xbc\xbc\xbc\xbc\xbc\xbc"
	"\xbc\xbc\xbc\xbc\xbc\xbc\xbc\xbc\xbc\xbc\xbc\xbc\xbc\xbc\xbc\xbc"
	"\xbc\xbc\xbc\xbc\xbc\xbc\xbc\xbb\xbc\xbc\xbc\xbb\xcb\xbc\xcd\x6d"
	"\xdd\xdd\xdd\xdd\xdd\xdd\xdd\xdd\xdd\xdd\xdd\xdd\xdd\xdd\xdd\xdd"
	"\xdd\xdd\xdd\xdd\xdd\xdd\xdd\xdd\xdd\xcd\xdd\xdc\xdd\xdc\xdd\xdc"
	"\xdd\xcd\xdd\xcd\xcd\xdd\xcd\xdd\xdd\xdd\xdd\xcd\xcc\xcd\xdd\xdd"
	"\xdc\xdd\xdc\x55\x55\x55\x55\x55\x55\x55\x55\x55\x55\x55\x55\x55"
	"\x55\x55\x55\x55\x55\x55\x55\x55\x55\x55\x55\x55\x55\x55\x55\x55"
	"\x55\x55\x55\x55\x55\x55\x55\x55\x55\x55\x55\x55\x55\x55\x55\x55"
	"\x55\x55\x55\x55\x5d\xcd\xdc\xcc\xbb\xcc\xcc\xcc\xbb\xbb\xbc\xcb"
	"\xbb\xbb\xbc\xbc\xbc\xbc\xbc\xbb\xbb\xbb\xbb\xbb\xbb\xbb\xbb\xbb"
	"\xbb\xbb\xbb\xbb\xbb\xbb\xcb\xbb\xbb\xbb\xbb\xbb\xbb\xbb\xbb\xbb"
	"\xbb\xbb\xbb\xbb\xbb\xbb\xbb\xbb\xbb\xbb\xbb\xbb\xbb\xbb\xbb\xbb"
	"\xbb\xbb\xbb\xbb\xbb\xbb\xbb\xcb\xbb\xbc\xbb\xbb\xcb\xc5\xbd\xdd"
	"\xd6\xdd\xd6\xdd\xdd\xdd\xdd\xdd\xdd\xdd\xdd\xdd\xdd\xdd\xdd\xdd"
	"\xdd\xdd\xdd\xdd\xdd\xdd\xdd\xdd\xdd\xdd\xcd\xdd\xdd\xdd\xdc\xdd"
	"\xdd\xdd\xdd\xdd\xdc\xdd\xdc\xdc\xdd\xcd\xcd\xdd\xdd\xdc\xdd\xdc"
	"\xdd\xdb\x55\x55\xbb\xb5\x55\xb5\x55\x55\x55\x55\x55\x55\x55\x55"
	"\x55\x55\x55\x55\x55\x55\x55\x55\x55\x55\x55\x55\x55\x55\x55\x55"
	"\x55\x55\x55\x55\x55\x55\x55\x55\x55\x55\x55\x55\x55\x55\x55\x55"
	"\x55\x55\x55\x55\xcd\xdd\xcc\xbb\xcb\xcc\xcc\xcc\xcc\xcc\xbc\xcc"
	"\xcc\xcc\xcb\xcb\xcb\xcb\xcb\xcb\xcb\xcb\xcb\xcb\xcb\xcb\xcb\xcb"
	"\xcb\xcb\xcb\xcb\xcb\xcb\xbc\xcc\xcc\xcc\xcc\xcc\xcc\xcc\xcc\xcc"
	"\xcc\xcc\xcc\xcc\xcc\xcc\xcc\xcc\xcc\xcc\xcc\xcc\xcc\xcc\xcc\xcc"
	"\xcc\xcc\xcc\xcc\xcc\xcc\xcc\xbc\xcc\xcb\xcc\xcc\xbb\xcb\xcc\xcd"
	"\xdd\x6d\xdd\xdd\xdd\xdd\xdd\xdd\xdd\xdd\xdd\xdd\xdd\xdd\xdd\xdd"
	"\xdd\xdd\xdd\xdd\xdd\xdd\xdd\xdd\xcd\xdd\xdd\xdd\xdc\xdd\xdd\xdd"
	"\xcd\xdc\xdd\xdd\xcd\xdc\xdd\xdd\xdc\xdd\xdc\xdc\xdd\xdd\xdd\xdc"
	"\xcb\x55\x55\x55\x55\x55\x55\x55\x55\x55\x55\x55\x55\x55\x55\x55"
	"\x55\x55\x55\x55\x55\x55\x55\x55\x55\x55\x55\x55\x55\x55\x55\x55"
	"\x55\x55\x55\x55\x55\x55\x55\x55\x55\x55\x55\x55\x55\x55\x55\x55"
	"\x55\x55\x55\xbc\xdc\xdc\xbc\xbb\xbc\xbc\xcc\xbc\xbc\xbc\xcc\xcb"
	"\xbb\xbb\xbc\xbc\xbc\xbc\xbc\xbb\xbb\xbb\xbb\xbb\xbb\xbb\xbb\xbc"
	"\xbc\xbc\xbc\xbc\xbc\xbc\xcb\xbb\xbb\xbb\xbb\xbb\xbb\xbb\xbb\xbb"
	"\xbb\xbb\xbb\xbb\xbb\xbb\xbb\xbb\xbb\xbb\xbb\xbb\xbb\xbb\xbb\xbb"
	"\xbb\xbb\xbb\xbb\xbb\xbb\xbb\xbc\xbc\xbc\xbb\xbb\xcc\xbb\xcc\xbc"
	"\x6d\xc6\xdd\xdd\xdd\xdd\xdd\xdd\xdd\xdd\xdd\xdd\xdd\xdd\xdd\xdd"
	"\xdd\xdd\xdd\xdd\xdd\xdd\xdd\xdd\xdd\xdd\xdd\xdc\xdd\xdd\xdd\xdd"
	"\xdd\xdd\xdc\xdc\xdd\xcd\xdd\xcd\xcd\xdd\xcd\xdd\xcc\xcd\xdc\xb5"
	"\x55\x55\x55\xb5\x55\x55\x55\x55\x55\x55\x55\x55\x55\x55\x55\x55"
	"\x55\x55\x55\x55\x55\x55\x55\x55\x55\x55\x55\x55\x55\x55\x55\x55"
	"\x55\x55\x55\x55\x55\x55\x55\x55\x55\x55\x55\x55\x55\x55\x55\x55"
	"\x55\x55\x5b\xcd\xdc\xcc\xbb\xbc\xcb\xcc\xcc\xcc\xcc\xcc\xbc\xcb"
	"\xcc\xcc\xcc\xbc\xbc\xbc\xbc\xbb\xcb\xcb\xcb\xcb\xcb\xcb\xcb\xcb"
	"\xcb\xcb\xcb\xcb\xcb\xcb\xbc\xcc\xcc\xcc\xcc\xcc\xcc\xcc\xcc\xcc"
	"\xcc\xcc\xcc\xcc\xcc\xcc\xcc\xcc\xcc\xcc\xcc\xcc\xcc\xcc\xcc\xcc"
	"\xcc\xcc\xcc\xcc\xcc\xcc\xcc\xcc\xcc\xcb\xcc\xcb\xbc\xcb\xbc\xcb"
	"\xdd\xdd\xdd\xdd\xdd\xdd\xdd\xdd\xdd\xdd\xdd\xdd\xdd\xdd\xdd\xdd"
	"\xcd\xdc\xdd\xcd\xdd\xdd\xdd\xcd\xdd\xdc\xdc\xdd\xdd\xdc\xdc\xdc"
	"\xdc\xdc\xdd\xdd\xdc\xdd\xcd\xdd\xdc\xdc\xdd\xcd\xdd\xcc\x55\x55"
	"\x55\x55\x55\x55\x55\x55\x55\x55\x55\x55\x55\x55\x55\x55\x55\x55"
	"\x55\x55\x55\x55\x55\x55\x55\x55\x55\x55\x55\x55\x55\x55\x55\x55"
	"\x55\x55\x55\x55\x55\x55\x55\x55\x55\x55\x55\x55\x55\x55\x55\x55"
	"\x55\x55\xbc\xdd\xcd\xcc\xcb\xcb\xcc\xcb\xcc\xbc\xbc\xbc\xcc\xcc"
	"\xbc\xbc\xbc\xcc\xcc\xcc\xcc\xcb\xbb\xbb\xbb\xbb\xbb\xbb\xbb\xbc"
	"\xbc\xbc\xbc\xbc\xbc\xbc\xbb\xbb\xbb\xbb\xbb\xbb\xbb\xbb\xbb\xbb"
	"\xbb\xbb\xbb\xbb\xbb\xbb\xbb\xbb\xbb\xbb\xbb\xbb\xbb\xbb\xbb\xbb"
	"\xbb\xbb\xbb\xbb\xbb\xbb\xbb\xbb\xcb\xcb\xbb\xbb\xbb\xcb\xcb\xcc"
	"\x5d\x6d\xdd\xdd\xdd\xdd\xdd\xdd\xdd\xdd\xdd\xdd\xdd\xdd\xdd\xdd"
	"\xdd\xdd\xdd\xdd\xcd\xcd\xcd\xdd\xcd\xdd\xdd\xdd\xdc\xdd\xdd\xdd"
	"\xdd\xdd\xdc\xdc\xdd\xcd\xdc\xdc\xdd\xdd\xcd\xdc\xb5\x55\xbb\x55"
	"\x55\x55\x55\x55\x55\x55\xb5\x55\x55\x55\x55\x55\x55\x55\x55\x55"
	"\x55\x55\x55\x55\x55\x55\x55\x55\x55\x55\x55\x55\x55\x55\x55\x55"
	"\x55\x55\x55\x55\x55\x55\x55\x55\x55\x55\x55\x55\x55\x55\x55\x55"
	"\x55\x5b\xcd\xdc\xdc\xcb\xbc\xcb\xbc\xcc\xcc\xcc\xcc\xcc\xcc\xcc"
	"\xcc\xcc\xcb\xcb\xcb\xcb\xcb\xcc\xbc\xbc\xbc\xbc\xbc\xbc\xbc\xbc"
	"\xbc\xbc\xbc\xbc\xbc\xbb\xcc\xcc\xcc\xcc\xcc\xcc\xcc\xcc\xcc\xcc"
	"\xcc\xcc\xcc\xcc\xcc\xcc\xcc\xcc\xcc\xcc\xcc\xcc\xcc\xcc\xcc\xcc"
	"\xcc\xcc\xcc\xcc\xcc\xcc\xcc\xcc\xcc\xcc\xcc\xcc\xcb\xcc\xcb\xcb"
	"\xcb\xcd\xd6\xdd\xdd\xdd\xdd\xdd\xdd\xdd\xdd\xdd\xdd\xdd\xdd\xdd"
	"\xdd\xdd\xdd\xdd\xdd\xdd\xdd\xdd\xdd\xdd\xdd\xdc\xdd\xdd\xdd\xdd"
	"\xcd\xcd\xcd\xdd\xdc\xdc\xdd\xdd\xdc\xcc\xb5\xa5\x55\x55\x55\x55"
	"\x55\x55\x55\x55\x55\x55\x55\x55\x55\x55\x55\x55\x55\x55\x55\x55"
	"\x55\x55\x55\x55\x55\x55\x55\x55\x55\x55\x55\x55\x55\x55\x55\x55"
	"\x55\x55\x55\x55\x55\x55\x55\x55\x55\x55\x55\x55\x55\x55\x55\x55"
	"\xc5\xad\xdc\xdc\xcb\xbb\xcc\xbc\xcb\xcb\xcb\xcb\xcb\xcb\xcb\xcb"
	"\xcb\xcb\xcc\xcc\xcc\xcc\xcc\xcb\xcb\xcb\xcb\xcb\xcb\xcb\xcb\xcb"
	"\xcb\xcb\xcb\xcb\xcb\xcc\xcb\xcc\xcc\xcc\xcc\xcc\xcc\xcc\xcc\xcc"
	"\xcc\xcc\xcc\xcc\xcc\xcc\xcc\xcc\xcc\xcc\xcc\xcc\xcc\xcc\xcc\xcc"
	"\xcc\xcc\xcc\xcc\xcc\xcc\xcc\xcc\xcc\xcc\xcc\xcc\xcc\xcc\xcc\xcb"
	"\xcc\xcc\xdd\xdd\xdd\xdd\xdd\xdd\xdd\xdd\xdd\xdd\xdd\xdd\xdd\xdd"
	"\xdd\xdd\xdd\xdd\xdd\xdd\xdd\xcd\xdc\xdc\xdc\xdd\xdd\xcd\xcd\xcd"
	"\xdd\xdd\xdd\xdc\xdd\xdd\xdd\xcc\xbb\x55\x55\x55\x55\x55\x55\x55"
	"\x55\x55\x55\x55\x55\x55\x55\x55\x55\x55\x55\x55\x55\x55\x55\x55"
	"\x55\x55\x55\x55\x55\x55\x55\x55\x55\x55\x55\x55\x55\x55\x55\x55"
	"\x55\x55\x55\x55\x55\x55\x55\x55\x55\x55\x55\x55\x55\x55\xbb\x5b"
	"\xab\xdd\xcd\xdc\xcb\xbc\xcc\xbc\xbc\xcc\xcc\xcc\xcc\xcc\xcc\xcc"
	"\xcc\xcc\xcc\xcc\xcc\xcc\xcc\xcc\xcc\xcc\xcc\xcc\xcc\xcc\xcc\xcc"
	"\xcc\xcc\xcc\xcc\xcc\xcc\xcc\xbc\xbc\xbc\xbc\xbc\xbc\xbc\xbc\xbc"
	"\xbc\xbc\xbc\xbc\xbc\xbc\xbc\xbc\xbc\xbc\xbc\xbc\xbc\xbc\xbc\xbc"
	"\xbc\xbc\xbc\xbc\xbc\xbc\xbc\xbc\xbc\xbc\xbc\xbc\xbc\xcc\xbc\xcc"
	"\xcc\xbc\xcd\xdd\xdd\xdd\xdd\xdd\xdd\xdd\xdd\xdd\xdd\xdd\xdd\xdd"
	"\xcd\xcd\xcd\xcd\xdd\xdd\xdd\xdd\xdd\xdd\xdd\xdc\xdd\xdd\xdd\xdd"
	"\xdd\xdd\xdd\xcd\xcc\xcb\x55\x5b\x55\x55\x55\x55\xb5\xb5\xb5\x55"
	"\x55\x55\x55\x55\x55\x55\x55\x55\x55\x55\x55\x55\x55\x55\x55\x55"
	"\x55\x55\x55\x55\x55\x55\x55\x55\x55\x55\x55\x55\x55\x55\x55\x55"
	"\x55\x55\x55\x55\x55\x55\x55\x55\x55\x55\x55\x55\x55\x55\x55\xbb"
	"\x5c\x6c\xdd\xcc\xcc\xcc\xcc\xbc\xcc\xcc\xcc\xcc\xcc\xcc\xcc\xcc"
	"\xcc\xcc\xcc\xbc\xbc\xbc\xbc\xbc\xcc\xcc\xcc\xcc\xcc\xcc\xcc\xcc"
	"\xcc\xcc\xcc\xcc\xcc\xcc\xcc\xcc\xcc\xcc\xcc\xcc\xcc\xcc\xcc\xcc"
	"\xcc\xcc\xcc\xcc\xcc\xcc\xcc\xcc\xcc\xcc\xcc\xcc\xcc\xcc\xcc\xcc"
	"\xcc\xcc\xcc\xcc\xcc\xcc\xcc\xcc\xcc\xcc\xcc\xcc\xcb\xcc\xcb\xcc"
	"\xcc\xcc\xbc\xcd\xdd\xdd\xdd\xdd\xdd\xdd\xdd\xdd\xdd\xdd\xdd\xdd"
	"\xdd\xdd\xdd\xdd\xcd\xdc\xdd\xdd\xdd\xdd\xdd\xdd\xdd\xcd\xdc\xdc"
	"\xdc\xcc\xbb\xb5\x55\x55\x55\xb5\x5b\xbb\xbb\x55\x55\x55\x55\x55"
	"\x55\x55\x55\x55\x55\x55\x55\x55\x55\x55\x55\x55\x55\x55\x55\x55"
	"\x55\x55\x55\x55\x55\x55\x55\x55\x55\x55\x55\x55\x55\x55\x55\x55"
	"\x55\x55\x55\x55\x55\x55\x55\x55\x55\x55\x55\x55\xb5\x55\xbb\x5b"
	"\xdd\xdc\xdc\xbb\xbc\xcc\xcc\xcc\xbc\xbc\xbc\xbc\xbc\xbc\xbc\xbc"
	"\xbc\xbc\xbc\xcc\xcc\xcc\xcc\xcb\xcb\xcb\xcb\xcb\xcb\xcb\xcb\xcb"
	"\xcb\xcb\xcb\xcb\xcb\xcc\xcc\xcc\xcc\xcc\xcc\xcc\xcc\xcc\xcc\xcc"
	"\xcc\xcc\xcc\xcc\xcc\xcc\xcc\xcc\xcc\xcc\xcc\xcc\xcc\xcc\xcc\xcc"
	"\xcc\xcc\xcc\xcc\xcc\xcc\xcc\xcc\xcc\xcc\xcc\xcc\xcc\xcc\xcc\xcc"
	"\xcc\xcc\xbb\xcd\xdd\xdd\xdd\xdd\xdd\xdd\xdd\xdd\xdd\xdd\xdd\xdd"
	"\xdd\xdd\xdd\xdd\xdd\xdd\xdd\xcc\xcc\xcc\xcc\xcc\xbb\xbb\x55\x55"
	"\x55\x55\x55\x55\x55\x55\x55\x55\x55\x55\x55\x55\x55\x55\x55\x55"
	"\x55\x55\x55\x55\x55\x55\x55\x55\x55\x55\x55\x55\x55\x55\x55\x55"
	"\x55\x55\x55\x55\x55\x55\x55\x55\x55\x55\x55\x55\x55\x55\x55\x55"
	"\x55\x55\x55\x55\x55\x55\x55\x55\x55\x55\x55\x55\x55\x55\x5b\xbd"
	"\xdd\xcd\xc5\xcb\xcc\xcc\xbc\xcc\xcc\xcc\xcc\xcc\xcc\xcc\xcc\xcc"
	"\xcc\xcc\xcc\xcc\xcc\xcc\xcc\xcc\xcc\xcc\xcc\xcc\xcc\xcc\xcc\xcc"
	"\xcc\xcc\xcc\xcc\xcc\xcc\xcc\xcc\xcc\xcc\xcc\xcc\xcc\xcc\xcc\xcc"
	"\xcc\xcc\xcc\xcc\xcc\xcc\xcc\xcc\xcc\xcc\xcc\xcc\xcc\xcc\xcc\xcc"
	"\xcc\xcc\xcc\xcc\xcc\xcc\xcc\xcc\xcc\xcc\xcc\xcc\xcc\xcc\xcc\xcc"
	"\xbb\xcc\xcc\xcc\xcd\xdd\xdd\xdd\xdc\xdd\x6c\xbb\xbb\xbb\x5b\x55"
	"\xb5\xb5\xb5\xb5\x55\x55\x55\x55\x55\x55\x55\x55\x55\x55\x55\x55"
	"\x55\x55\x55\x55\x55\x55\x55\x55\x55\x55\x55\xb5\x55\x55\x55\x55"
	"\x55\x55\x55\x55\x55\x55\x55\x55\x55\x55\x55\x55\x55\x55\x55\x55"
	"\x55\x55\x55\x55\x55\x55\x55\x55\x55\x55\x55\x55\x55\x55\x55\x55"
	"\x55\x55\x55\x55\x55\x55\x55\x55\x55\x55\x55\x55\x55\x55\x5c\xdd"
	"\xcd\xcc\xbc\xcb\xcc\xcb\xcc\xcc\xcc\xcc\xcc\xcc\xcc\xcc\xcc\xcc"
	"\xcc\xcc\xcc\xcc\xcc\xcc\xcc\xcc\xcc\xcc\xcc\xcc\xcc\xcc\xcc\xcc"
	"\xcc\xcc\xcc\xcc\xcc\xcc\xcc\xcc\xcc\xcc\xcc\xcc\xcc\xcc\xcc\xcc"
	"\xcc\xcc\xcc\xcc\xcc\xcc\xcc\xcc\xcc\xcc\xcc\xcc\xcc\xcc\xcc\xcc"
	"\xcc\xcc\xcc\xcc\xcc\xcc\xcc\xcc\xcc\xcc\xcc\xcc\xcc\xcc\xcc\xcc"
	"\xcc\xcc\xcc\xcb\xcc\xdd\xdd\xdc\xdd\xdc\x5a\xb5\x55\x55\x55\x55"
	"\x55\x55\x55\x5b\x5b\x5b\x5b\x55\x55\x55\x55\x55\x55\x55\x55\x55"
	"\x55\x55\x55\x55\x55\x55\x55\x55\x55\x55\x55\x55\x55\x55\x55\x55"
	"\x55\x55\x55\x55\x55\x55\x55\x55\x55\x55\x55\x55\x55\x55\x55\x55"
	"\x55\x55\x55\x55\x55\x55\x55\x55\x55\x55\x55\x55\x55\x55\x55\x55"
	"\x55\x55\x55\x55\x55\x55\x55\x55\x55\x55\x55\x55\xbb\x55\xcd\xdd"
	"\xcd\xcb\xcc\xcc\xcc\xcc\xcc\xcc\xcc\xcc\xcc\xcc\xcc\xcc\xcc\xcc"
	"\xcc\xcc\xcc\xcc\xcc\xcc\xcc\xcc\xcc\xcc\xcc\xcc\xcc\xcc\xcc\xcc"
	"\xcc\xcc\xcc\xcc\xcc\xcc\xcc\xcc\xcc\xcc\xcc\xcc\xcc\xcc\xcc\xcc"
	"\xcc\xcc\xcc\xcc\xcc\xcc\xcc\xcc\xcc\xcc\xcc\xcc\xcc\xcc\xcc\xcc"
	"\xcc\xcc\xcc\xcc\xcc\xcc\xcc\xcc\xcc\xcc\xcc\xcc\xcc\xcc\xcc\xcb"
	"\xcc\xcc\xcc\xcc\xcc\xcd\xdd\xdd\xdc\xdd\xb5\xb5\x55\x55\x55\x55"
	"\x55\x55\x55\x55\x55\x55\x55\x55\x55\x55\x55\x55\x55\x55\x55\x55"
	"\x55\x55\x55\x55\x55\x55\x55\x55\x55\x55\x55\x55\x55\x55\x55\x55"
	"\x55\x55\x55\x55\x55\x55\x55\x55\x55\x55\x55\x55\x55\x55\x55\x55"
	"\x55\x55\x55\x55\x55\x55\x55\x55\x55\x55\x55\x55\x55\x55\x55\x55"
	"\x55\x55\x55\x55\x55\x55\x55\x55\x55\x55\x55\x5b\x55\xcc\xdc\xdd"
	"\xcc\xcc\xbb\xcc\xcc\xcc\xcc\xcc\xcc\xcc\xcc\xcc\xcc\xcc\xcc\xcc"
	"\xcc\xcc\xcc\xcc\xcc\xcc\xcc\xcc\xcc\xcc\xcc\xcc\xcc\xcc\xcc\xcc"
	"\xcc\xcc\xcc\xcc\xcc\xcc\xcc\xcc\xcc\xcc\xcc\xcc\xcc\xcc\xcc\xcc"
	"\xcc\xcc\xcc\xcc\xcc\xcc\xcc\xcc\xcc\xcc\xcc\xcc\xcc\xcc\xcc\xcc"
	"\xcc\xcc\xcc\xcc\xcc\xcc\xcc\xcc\xcc\xcc\xcc\xcc\xcc\xcb\xcc\xbc"
	"\xcc\xcc\xcc\xcc\xcb\xbc\xcd\xdd\xdd\xdd\xdb\x55\x55\x55\x55\x55"
	"\x5b\x55\x55\xb5\x55\x55\x55\x55\x55\x55\x55\x55\x55\x55\x55\x55"
	"\x55\x55\x55\x55\x55\x55\x55\x55\x55\x55\x55\x55\x55\x55\x55\x55"
	"\x55\x55\x55\x55\x55\x55\x55\x55\x55\x55\x55\x55\x55\x55\x55\x55"
	"\x55\x55\x55\x55\x55\x55\x55\x55\x55\x55\x55\x55\x55\x55\x55\x55"
	"\x55\x55\x55\x55\x55\x55\x55\x5b\x55\x55\x55\xb5\xbc\xdd\xdd\xdc"
	"\xcc\xbb\xcc\xcc\xcc\xcc\xcc\xcc\xcc\xcc\xcc\xcc\xcc\xcc\xcc\xcc"
	"\xcc\xcc\xcc\xbc\xcc\xcc\xcc\xcc\xcc\xcc\xcc\xcc\xcc\xcc\xcc\xcc"
	"\xcc\xcc\xcc\xcc\xcc\xcc\xcc\xcc\xcc\xcc\xcc\xcc\xcc\xcc\xcc\xcc"
	"\xcc\xcc\xcc\xcc\xcc\xcc\xcc\xcc\xcc\xcc\xcc\xcc\xcc\xcc\xcc\xcc"
	"\xcc\xcc\xcc\xcc\xcc\xcc\xcc\xcc\xcc\xcc\xcc\xcc\xcc\xcc\xcb\xcc"
	"\xcc\xcc\xcc\xcc\xcb\xcc\xcc\xdd\xdc\xdd\xdc\xc5\x5b\xb5\x55\x55"
	"\x55\x55\x55\x55\x55\x55\x55\x55\x55\x55\x55\x55\x55\x55\x55\x55"
	"\x55\x55\x55\x55\x55\x55\x55\x55\x55\x55\x55\x55\x55\x55\x55\x55"
	"\x55\x55\x55\x55\x55\x55\x55\x55\x55\x55\x55\x55\x55\x55\x55\x55"
	"\x55\x55\x55\x55\x55\x55\x55\x55\x55\x55\x55\x55\x55\x55\x55\x55"
	"\x55\x55\x55\x55\x55\x5b\x55\x55\xb5\x55\xb5\xab\xcc\xdd\xdd\xcc"
	"\xcc\xbb\xcc\xcc\xcc\xcc\xcc\xcc\xcc\xcc\xcc\xcc\xcc\xcc\xcc\xcc"
	"\xcc\xcc\xcc\xcc\xbc\xbc\xbc\xbc\xcc\xcc\xcc\xcc\xcc\xcc\xcc\xcc"
	"\xcc\xcc\xcc\xcc\xcc\xcc\xcc\xcc\xcc\xcc\xcc\xcc\xcc\xcc\xcc\xcc"
	"\xcc\xcc\xcc\xcc\xcc\xcc\xcc\xcc\xcc\xcc\xcc\xcc\xcc\xcc\xcc\xcc"
	"\xcc\xcc\xcc\xcc\xcc\xcc\xcc\xcc\xcc\xcc\xcc\xcc\xcc\xcc\xcc\xcc"
	"\xcc\xcc\xcc\xcc\xcb\xcc\xbc\xcc\xdd\xdc\xdd\xdd\xb5\x55\x55\x55"
	"\x55\x55\x55\x55\x55\x55\x55\x55\x55\x55\x55\x55\x55\x55\x55\x55"
	"\x55\x55\x55\x55\x55\x55\x55\x55\x55\x55\x55\x55\x55\x55\x55\x55"
	"\x55\x55\x55\x55\x55\x55\x55\x55\x55\x55\x55\x55\x55\x55\x55\x55"
	"\x55\x55\x55\x55\x55\x55\x55\x55\x55\x55\x55\x55\x55\x55\x55\x55"
	"\x55\x55\x55\x55\x55\x55\xb5\x55\x55\xb5\x55\xbc\xcd\xcd\xdc\xcc"
	"\xcc\xbc\xcc\xcc\xcc\xcc\xcc\xcc\xcc\xcc\xcc\xcc\xcc\xcc\xcc\xcc"
	"\xcc\xcc\xcc\xcc\xcc\xcc\xcc\xcc\xcc\xcc\xcc\xcc\xcc\xcc\xcc\xcc"
	"\xcc\xcc\xcc\xcc\xcc\xcc\xcc\xcc\xcc\xcc\xcc\xcc\xcc\xcc\xcc\xcc"
	"\xcc\xcc\xcc\xcc\xcc\xcc\xcc\xcc\xcc\xcc\xcc\xcc\xcc\xcc\xcc\xcc"
	"\xcc\xcc\xcc\xcc\xcc\xcc\xcc\xcc\xcc\xcc\xcc\xcc\xcc\xcc\xcc\xcc"
	"\xcc\xcc\xcc\xcc\xcc\xbb\xcc\xbc\xcd\xdd\xdd\xdd\xdc\xb5\x55\xb5"
	"\x55\x55\x55\x55\x55\x55\x55\x55\x55\x55\x55\x55\x55\x55\x55\x55"
	"\x55\x55\x55\x55\x55\x55\x55\x55\x55\x55\x55\x55\x55\x55\x55\x55"
	"\x55\x55\x55\x55\x55\x55\x55\x55\x55\x55\x55\x55\x55\x55\x55\x55"
	"\x55\x55\x55\x55\x55\x55\x55\x55\x55\x55\x55\x55\x55\x55\x55\x55"
	"\x55\x55\x55\x55\x55\x5b\x55\x55\xb5\x55\xbc\xcc\xdd\xdc\xcc\xcc"
	"\xcc\xbc\xcc\xcc\xcc\xcc\xcc\xcc\xcc\xcc\xcc\xcc\xcc\xcc\xcc\xcc"
	"\xcc\xcc\xcc\xcc\xcc\xcc\xcc\xcc\xcc\xcc\xcc\xcc\xcc\xcc\xcc\xcc"
	"\xcc\xcc\xcc\xcc\xcc\xcc\xcc\xcc\xcc\xcc\xcc\xcc\xcc\xcc\xcc\xcc"
	"\xcc\xcc\xcc\xcc\xcc\xcc\xcc\xcc\xcc\xcc\xcc\xcc\xcc\xcc\xcc\xcc"
	"\xcc\xcc\xcc\xcc\xcc\xcc\xcc\xcc\xcc\xcc\xcc\xcc\xcc\xcc\xcc\xcc"
	"\xcc\xcc\xcc\xcb\xcc\xcc\xcc\xcc\xcc\xdd\xdd\xcd\xdd\xdb\x55\x55"
	"\x55\x55\x55\x55\x55\x55\x55\x55\x55\x55\x55\x55\x55\x55\x55\x55"
	"\x55\x55\x55\x55\x55\x55\x55\x55\x55\x55\x55\x55\x55\x55\x55\x55"
	"\x55\x55\x55\x55\x55\x55\x55\x55\x55\x55\x55\x55\x55\x55\x55\x55"
	"\x55\x55\x55\x55\x55\x55\x55\x55\x55\x55\x55\x55\x55\x55\x55\x55"
	"\x55\x55\x55\x55\x55\x55\xb5\x55\x55\x5b\xcd\xdd\xcc\xcc\xcc\xcc"
	"\xcc\xcc\xcc\xcc\xcc\xcc\xcc\xcc\xcc\xcc\xcc\xcc\xcc\xcc\xcc\xcc"
	"\xcc\xcc\xcc\xcc\xcc\xcc\xcc\xcc\xcc\xcc\xcc\xcc\xcc\xcc\xcc\xcc"
	"\xcc\xcc\xcc\xcc\xcc\xcc\xcc\xcc\xcc\xcc\xcc\xcc\xcc\xcc\xcc\xcc"
	"\xcc\xcc\xcc\xcc\xcc\xcc\xcc\xcc\xcc\xcc\xcc\xcc\xcc\xcc\xcc\xcc"
	"\xcc\xcc\xcc\xcc\xcc\xcc\xcc\xcc\xcc\xcc\xcc\xcc\xcc\xcc\xcc\xcc"
	"\xcc\xcc\xcc\xcc\xcc\xcc\xcc\xcc\xcc\xcc\xdd\xdd\xdc\xdc\xdb\x55"
	"\x55\x55\x55\x55\x55\x55\x55\x55\x55\x55\x55\x55\x55\x55\x55\x55"
	"\x55\x55\x55\x55\x55\x55\x55\x55\x55\x55\x55\x55\x55\x55\x55\x55"
	"\x55\x55\x55\x55\x55\x55\x55\x55\x55\x55\x55\x55\x55\x55\x55\x55"
	"\x55\x55\x55\x55\x55\x55\x55\x55\x55\x55\x55\x55\x55\x55\x55\x55"
	"\x55\x55\x55\x55\x55\x55\x55\x55\x55\xcd\xdc\xdc\xcc\xcc\xcc\xcc"
	"\xcc\xcc\xcc\xcc\xcc\xcc\xcc\xcc\xcc\xcc\xcc\xcc\xcc\xcc\xcc\xcc"
	"\xcc\xcc\xcc\xcc\xcc\xcc\xcc\xcc\xcc\xcc\xcc\xcc\xcc\xcc\xcc\xcc"
	"\xcc\xcc\xcc\xcc\xcc\xcc\xcc\xcc\xcc\xcc\xcc\xcc\xcc\xcc\xcc\xcc"
	"\xcc\xcc\xcc\xcc\xcc\xcc\xcc\xcc\xcc\xcc\xcc\xcc\xcc\xcc\xcc\xcc"
	"\xcc\xcc\xcc\xcc\xcc\xcc\xcc\xcc\xcc\xcc\xcc\xcc\xcc\xcc\xcc\xcc"
	"\xcc\xcc\xcc\xcc\xcc\xcc\xbc\xcc\xcc\xcc\xdc\xdc\xdd\xdd\xdd\xcc"
	"\xbb\x55\x55\x55\x55\x55\x55\x55\x55\x55\x55\x55\x55\x55\x55\x55"
	"\x55\x55\x55\x55\x55\x55\x55\x55\x55\x55\x55\x55\x55\x55\x55\x55"
	"\x55\x55\x55\x55\x55\x55\x55\x55\x55\x55\x55\x55\x55\x55\x55\x55"
	"\x55\x55\x55\x55\x55\x55\x55\x55\x55\x55\x55\x55\x55\x55\x55\x55"
	"\x55\x55\x55\x55\x55\x55\x55\xb5\xcd\xdc\xdd\xcd\xcc\xcc\xcb\xcc"
	"\xcc\xcc\xcc\xcc\xcc\xcc\xcc\xcc\xcc\xcc\xcc\xcc\xcc\xcc\xcc\xcc"
	"\xcc\xcc\xcc\xcc\xcc\xcc\xcc\xcc\xcc\xcc\xcc\xcc\xcc\xcc\xcc\xcc"
	"\xcc\xcc\xcc\xcc\xcc\xcc\xcc\xcc\xcc\xcc\xcc\xcc\xcc\xcc\xcc\xcc"
	"\xcc\xcc\xcc\xcc\xcc\xcc\xcc\xcc\xcc\xcc\xcc\xcc\xcc\xcc\xcc\xcc"
	"\xcc\xcc\xcc\xcc\xcc\xcc\xcc\xcc\xcc\xcc\xcc\xcc\xcc\xcc\xcc\xcc"
	"\xcc\xcc\xcc\xcc\xcc\xcc\xcc\xbc\xcc\xcc\xcc\xcd\xdd\xdd\xcd\xdd"
	"\xcb\x55\x55\x55\x55\x55\x55\x55\x55\x55\x55\x55\x55\x55\x55\x55"
	"\x55\x55\x55\x55\x55\x55\x55\x55\x55\x55\x55\x55\x55\x55\x55\x55"
	"\x55\x55\x55\x55\x55\x55\x55\x55\x55\x55\x55\x55\x55\x55\x55\x55"
	"\x55\x55\x55\x55\x55\x55\x55\x55\x55\x55\x55\x55\x55\x55\x55\x55"
	"\x55\x55\x55\x55\x55\x55\x55\xbd\xdd\xdd\xcc\xcc\xcb\xcc\xbb\xcc"
	"\xcc\xcc\xcc\xcc\xcc\xcc\xcc\xcc\xcc\xcc\xcc\xcc\xcc\xcc\xcc\xcc"
	"\xcc\xcc\xcc\xcc\xcc\xcc\xcc\xcc\xcc\xcc\xcc\xcc\xcc\xcc\xcc\xcc"
	"\xcc\xcc\xcc\xcc\xcc\xcc\xcc\xcc\xcc\xcc\xcc\xcc\xcc\xcc\xcc\xcc"
	"\xcc\xcc\xcc\xcc\xcc\xcc\xcc\xcc\xcc\xcc\xcc\xcc\xcc\xcc\xcc\xcc"
	"\xcc\xcc\xcc\xcc\xcc\xcc\xcc\xcc\xcc\xcc\xcc\xcc\xcc\xcc\xcc\xcc"
	"\xcc\xcc\xcc\xcc\xcc\xcc\xcc\xcc\xcc\xcc\xcc\xcc\xcd\xdd\xdd\xcd"
	"\xdd\xcb\xb5\x55\x55\x55\x55\x55\x55\x55\x55\x55\x55\x55\x55\x55"
	"\x55\x55\x55\x55\x55\x55\x55\x55\x55\x55\x55\x55\x55\x55\x55\x55"
	"\x55\x55\x55\x55\x55\x55\x55\x55\x55\x55\x55\x55\x55\x55\x55\x55"
	"\x55\x55\x55\x55\x55\x55\x55\x55\x55\x55\x55\x55\x55\x55\x55\x5b"
	"\x55\x55\x55\x5b\x55\x5b\xcc\xdc\xcc\xdd\xcc\xcc\xcc\xcc\xcc\xcc"
	"\xcc\xcc\xcc\xcc\xcc\xcc\xcc\xcc\xcc\xcc\xcc\xcc\xcc\xcc\xcc\xcc"
	"\xcc\xcc\xcc\xcc\xcc\xcc\xcc\xcc\xcc\xcc\xcc\xcc\xcc\xcc\xcc\xcc"
	"\xcc\xcc\xcc\xcc\xcc\xcc\xcc\xcc\xcc\xcc\xcc\xcc\xcc\xcc\xcc\xcc"
	"\xcc\xcc\xcc\xcc\xcc\xcc\xcc\xcc\xcc\xcc\xcc\xcc\xcc\xcc\xcc\xcc"
	"\xcc\xcc\xcc\xcc\xcc\xcc\xcc\xcc\xcc\xcc\xcc\xcc\xcc\xcc\xcc\xcc"
	"\xcc\xcc\xcc\xcc\xcc\xcc\xcc\xcc\xcc\xcc\xcc\xcc\xcc\xcd\xdd\xdd"
	"\xcd\xcd\xcc\x55\x55\x55\x55\x55\x55\x55\x55\x55\x55\x55\x55\x55"
	"\x55\x55\x55\x55\x55\x55\x55\x55\x55\x55\x55\x55\x55\x55\x55\x55"
	"\x55\x55\x55\x55\x55\x55\x55\x55\x55\x55\x55\x55\x55\x55\x55\x55"
	"\x55\x55\x55\x55\x55\x55\x55\x55\x55\x55\x55\x55\x55\x55\x55\x55"
	"\x55\x55\x55\x5b\x55\x5c\xcd\xcc\xdd\xdc\xcc\xcc\xcc\xcc\xcc\xcc"
	"\xcc\xcc\xcc\xcc\xcc\xcc\xcc\xcc\xcc\xcc\xcc\xcc\xcc\xcc\xcc\xcc"
	"\xcc\xcc\xcc\xcc\xcc\xcc\xcc\xcc\xcc\xcc\xcc\xcc\xcc\xcc\xcc\xcc"
	"\xcc\xcc\xcc\xcc\xcc\xcc\xcc\xcc\xcc\xcc\xcc\xcc\xcc\xcc\xcc\xcc"
	"\xcc\xcc\xcc\xcc\xcc\xcc\xcc\xcc\xcc\xcc\xcc\xcc\xcc\xcc\xcc\xcc"
	"\xcc\xcc\xcc\xcc\xcc\xcc\xcc\xcc\xcc\xcc\xcc\xcc\xcc\xcc\xcc\xcc"
	"\xcc\xcc\xcc\xcc\xcc\xcc\xcc\xcc\xcc\xcc\xcc\xcc\xcc\xcc\xcd\xdc"
	"\xdc\xdd\xdd\xdc\xb5\x55\x55\x55\x55\x55\x55\x55\x55\x55\x55\x55"
	"\x55\x55\x55\x55\x55\x55\x55\x55\x55\x55\x55\x55\x55\x55\x55\x55"
	"\x55\x55\x55\x55\x55\x55\x55\x55\x55\x55\x55\x55\x55\x55\x55\x55"
	"\x55\x55\x55\x55\x55\x55\x55\x55\x55\x55\x55\x55\x55\x55\x55\x5b"
	"\x55\x55\xb5\x55\xcd\xdc\xdc\xdd\xcd\xcc\xcc\xcc\xcc\xcc\xcc\xcc"
	"\xcc\xcc\xcc\xcc\xcc\xcc\xcc\xcc\xcc\xcc\xcc\xcc\xcc\xcc\xcc\xcc"
	"\xcc\xcc\xcc\xcc\xcc\xcc\xcc\xcc\xcc\xcc\xcc\xcc\xcc\xcc\xcc\xcc"
	"\xcc\xcc\xcc\xcc\xcc\xcc\xcc\xcc\xcc\xcc\xcc\xcc\xcc\xcc\xcc\xcc"
	"\xcc\xcc\xcc\xcc\xcc\xcc\xcc\xcc\xcc\xcc\xcc\xcc\xcc\xcc\xcc\xcc"
	"\xcc\xcc\xcc\xcc\xcc\xcc\xcc\xcc\xcc\xcc\xcc\xcc\xcc\xcc\xcc\xcc"
	"\xcc\xcc\xcc\xcc\xcc\xcc\xcc\xcc\xcc\xcc\xcc\xcc\xcc\xcc\xcd\xcd"
	"\xdd\xdd\xcd\xdc\xcc\xb5\x55\x55\x55\x55\x55\x55\x55\x55\x55\x55"
	"\x55\x55\x55\x55\x55\x55\x55\x55\x55\x55\x55\x55\x55\x55\x55\x55"
	"\x55\x55\x55\x55\x55\x55\x55\x55\x55\x55\x55\x55\x55\x55\x55\x55"
	"\x55\x55\x55\x55\x5b\x55\x55\x55\x55\x55\x55\x55\x55\x55\x55\x55"
	"\x55\xb5\x55\x5c\xdd\xdd\xcd\xdd\xdc\xcc\xcc\xcc\xcc\xcc\xcc\xcc"
	"\xcc\xcc\xcc\xcc\xcc\xcc\xcc\xcc\xcc\xcc\xcc\xcc\xcc\xcc\xcc\xcc"
	"\xcc\xcc\xcc\xcc\xcc\xcc\xcc\xcc\xcc\xcc\xcc\xcc\xcc\xcc\xcc\xcc"
	"\xcc\xcc\xcc\xcc\xcc\xcc\xcc\xcc\xcc\xcc\xcc\xcc\xcc\xcc\xcc\xcc"
	"\xcc\xcc\xcc\xcc\xcc\xcc\xcc\xcc\xcc\xcc\xcc\xcc\xcc\xcc\xcc\xcc"
	"\xcc\xcc\xcc\xcc\xcc\xcc\xcc\xcc\xcc\xcc\xcc\xcc\xcc\xcc\xcc\xcc"
	"\xcc\xcc\xcc\xcc\xcc\xcc\xcc\xcc\xcc\xcc\xcc\xcc\xcc\xcc\xcc\xcc"
	"\xdc\xdc\xdd\xdd\xdd\xcc\xb5\x55\x5b\xb5\x55\x55\x55\x55\x55\x55"
	"\x55\x55\x55\x55\x55\x55\x55\x55\x55\x55\x55\x55\x55\x55\x55\x55"
	"\x55\x55\x55\x55\x55\x55\x55\x55\x55\x55\x55\x55\x55\x55\x55\x55"
	"\x55\x55\x55\x55\x55\x55\x55\x55\x55\x55\x55\x55\x55\x55\x55\xbb"
	"\x55\x5b\xcd\xdd\xcc\xcd\xdd\xcc\xcc\xcc\xcc\xcc\xcc\xcc\xcc\xcc"
	"\xcc\xcc\xcc\xcc\xcc\xcc\xcc\xcc\xcc\xcc\xcc\xcc\xcc\xcc\xcc\xcc"
	"\xcc\xcc\xcc\xcc\xcc\xcc\xcc\xcc\xcc\xcc\xcc\xcc\xcc\xcc\xcc\xcc"
	"\xcc\xcc\xcc\xcc\xcc\xcc\xcc\xcc\xcc\xcc\xcc\xcc\xcc\xcc\xcc\xcc"
	"\xcc\xcc\xcc\xcc\xcc\xcc\xcc\xcc\xcc\xcc\xcc\xcc\xcc\xcc\xcc\xcc"
	"\xcc\xcc\xcc\xcc\xcc\xcc\xcc\xcc\xcc\xcc\xcc\xcc\xcc\xcc\xcc\xcc"
	"\xcc\xcc\xcc\xcc\xcc\xcc\xcc\xcc\xcc\xcc\xcc\xcc\xcc\xcc\xcc\xcc"
	"\xcc\xdd\xdd\xcd\xdc\xdd\xcc\x5b\x55\x55\x55\x55\x55\x55\x55\x55"
	"\x55\x55\x55\x55\x55\x55\x55\x55\x55\x55\x55\x55\x55\x55\x55\x55"
	"\x55\x55\x55\x55\x55\x55\x55\x55\x55\x55\x55\x55\x55\x55\x55\x55"
	"\x55\x55\x55\x55\x55\x55\x55\x55\x55\x55\x55\x55\x55\x55\x55\x55"
	"\x55\xcd\xdd\xcc\xdd\xdd\xcc\xcc\xcc\xcc\xcc\xcc\xcc\xcc\xcc\xcc"
	"\xcc\xcc\xcc\xcc\xcc\xcc\xcc\xcc\xcc\xcc\xcc\xcc\xcc\xcc\xcc\xcc"
	"\xcc\xcc\xcc\xcc\xcc\xcc\xcc\xcc\xcc\xcc\xcc\xcc\xcc\xcc\xcc\xcc"
	"\xcc\xcc\xcc\xcc\xcc\xcc\x00\x00";

#define PENGUIN_SIZE (sizeof(penguin))
